Tickets ID; Date Creation; Resolution Date; Injected Version; Opening Version; Fixed Version; Affected Version
BOOKKEEPER-1105;2017-08-09;2017-08-16;12;12;13;12 - 
BOOKKEEPER-1104;2017-07-27;2017-07-28;12;12;12;
BOOKKEEPER-1103;2017-07-26;2017-07-28;12;12;12;12 - 
BOOKKEEPER-1102;2017-07-22;2017-08-01;12;12;12;12 - 
BOOKKEEPER-1101;2017-07-19;2017-07-19;;12;;
BOOKKEEPER-1098;2017-06-15;2017-06-28;;12;;
BOOKKEEPER-1079;2017-05-26;2017-05-26;12;12;12;12 - 
BOOKKEEPER-1077;2017-05-25;2017-05-26;12;12;12;
BOOKKEEPER-1075;2017-05-25;2017-05-25;12;12;12;
BOOKKEEPER-1074;2017-05-25;2017-06-01;12;12;12;
BOOKKEEPER-1073;2017-05-25;2017-06-01;12;12;12;
BOOKKEEPER-1072;2017-05-25;2017-05-25;;12;;
BOOKKEEPER-1071;2017-05-18;2017-06-01;12;12;12;12 - 
BOOKKEEPER-1061;2017-05-10;2017-05-15;12;12;12;
BOOKKEEPER-1058;2017-05-10;2017-05-15;12;12;12;
BOOKKEEPER-1047;2017-05-04;2017-05-15;12;12;12;
BOOKKEEPER-1044;2017-04-25;2017-07-25;12;12;12;
BOOKKEEPER-1031;2017-04-10;2017-04-11;11;12;12;11 - 
BOOKKEEPER-1021;2017-04-03;2017-05-26;12;12;12;
BOOKKEEPER-1020;2017-04-01;2017-04-03;12;12;12;12 - 
BOOKKEEPER-1018;2017-03-27;2017-04-03;12;12;12;
BOOKKEEPER-1013;2017-03-23;2017-03-23;12;12;12;
BOOKKEEPER-999;2017-02-08;2017-03-23;11;12;12;11 - 
BOOKKEEPER-989;2016-12-20;2017-06-01;12;12;12;
BOOKKEEPER-988;2016-12-18;2016-12-20;12;12;12;
BOOKKEEPER-987;2016-12-16;2016-12-17;12;12;12;12 - 
BOOKKEEPER-986;2016-12-13;2016-12-21;12;12;12;
BOOKKEEPER-984;2016-12-10;2016-12-17;12;12;12;
BOOKKEEPER-980;2016-11-29;2017-07-18;12;12;12;
BOOKKEEPER-959;2016-10-20;2017-01-31;11;12;12;11 - 
BOOKKEEPER-958;2016-10-20;2016-11-09;12;12;12;
BOOKKEEPER-957;2016-10-20;2016-11-09;12;12;12;
BOOKKEEPER-956;2016-10-19;2016-11-09;12;12;12;
BOOKKEEPER-955;2016-10-19;2016-11-30;12;12;12;
BOOKKEEPER-952;2016-10-14;2016-10-20;12;12;12;
BOOKKEEPER-940;2016-07-12;2016-07-14;12;12;12;12 - 
BOOKKEEPER-939;2016-07-11;2016-07-12;12;12;12;
BOOKKEEPER-938;2016-07-08;2016-08-01;12;12;12;12 - 
BOOKKEEPER-933;2016-06-17;2016-07-31;12;12;12;
BOOKKEEPER-927;2016-05-16;2017-05-24;10;11;12;10 - 
BOOKKEEPER-926;2016-04-30;2016-05-04;9;11;11;9 - 
BOOKKEEPER-925;2016-04-27;2016-04-30;11;11;11;
BOOKKEEPER-924;2016-04-22;2016-10-13;10;11;12;10 - 
BOOKKEEPER-921;2016-04-11;2016-04-27;11;11;11;11 - 
BOOKKEEPER-919;2016-04-07;2016-04-27;;11;;
BOOKKEEPER-917;2016-04-07;2016-04-10;11;11;11;11 - 
BOOKKEEPER-914;2016-04-06;2016-04-07;11;11;11;
BOOKKEEPER-913;2016-04-05;2016-04-10;11;11;11;
BOOKKEEPER-911;2016-04-02;2016-04-27;10;11;11;10 - 
BOOKKEEPER-910;2016-04-01;2016-04-11;10;11;11;10 - 
BOOKKEEPER-909;2016-03-31;2016-03-31;10;11;11;10 - 
BOOKKEEPER-908;2016-03-29;2016-07-11;10;11;12;10 - 
BOOKKEEPER-907;2016-03-17;2017-01-30;11;11;12;
BOOKKEEPER-904;2016-03-14;2016-04-06;11;11;11;11 - 
BOOKKEEPER-903;2016-03-09;2016-11-09;11;11;12;
BOOKKEEPER-902;2016-03-08;2016-03-14;11;11;11;
BOOKKEEPER-900;2016-02-29;2016-03-08;10;11;;10 - 
BOOKKEEPER-899;2016-02-28;2016-03-08;10;11;;10 - 
BOOKKEEPER-898;2016-02-28;2016-03-08;10;11;11;10 - 
BOOKKEEPER-897;2016-02-23;2016-02-24;11;11;11;
BOOKKEEPER-893;2016-02-08;2016-02-09;10;11;11;10 - 
BOOKKEEPER-891;2016-02-05;2016-02-09;11;11;11;
BOOKKEEPER-890;2016-02-03;2016-02-09;10;11;11;10 - 
BOOKKEEPER-884;2016-01-12;2016-01-12;;11;;
BOOKKEEPER-883;2015-11-26;2016-02-09;11;11;11;
BOOKKEEPER-872;2015-09-21;2015-10-10;10;10;10;
BOOKKEEPER-863;2015-08-06;2015-08-12;10;10;10;
BOOKKEEPER-859;2015-06-21;2016-05-16;1;10;;1 - 7 - 
BOOKKEEPER-858;2015-05-30;2015-06-02;10;10;10;
BOOKKEEPER-854;2015-05-19;2015-05-20;9;9;9;
BOOKKEEPER-852;2015-04-11;2017-03-28;7;9;12;7 - 
BOOKKEEPER-848;2015-04-10;2015-04-21;7;9;9;7 - 
BOOKKEEPER-847;2015-03-28;2015-04-21;9;9;9;
BOOKKEEPER-840;2015-03-10;2015-03-18;9;9;9;
BOOKKEEPER-839;2015-02-24;2015-03-12;9;9;9;
BOOKKEEPER-838;2015-02-21;2015-02-23;9;9;9;
BOOKKEEPER-835;2015-01-16;2015-05-19;9;9;9;
BOOKKEEPER-834;2015-01-13;2015-03-18;9;9;9;
BOOKKEEPER-833;2014-12-23;2015-04-21;9;9;9;
BOOKKEEPER-831;2014-12-17;2015-03-12;9;9;9;
BOOKKEEPER-829;2014-12-17;2015-08-23;;9;;
BOOKKEEPER-828;2014-12-16;2015-03-18;9;9;9;
BOOKKEEPER-823;2014-12-10;2015-07-07;9;9;10;
BOOKKEEPER-821;2014-12-08;2015-05-20;7;9;9;7 - 
BOOKKEEPER-815;2014-12-04;2014-12-05;7;9;9;7 - 8 - 
BOOKKEEPER-814;2014-12-04;2014-12-10;7;9;9;7 - 
BOOKKEEPER-813;2014-12-04;2014-12-06;7;9;9;7 - 
BOOKKEEPER-809;2014-12-04;2014-12-06;7;9;9;7 - 
BOOKKEEPER-805;2014-11-25;2014-12-06;7;9;9;7 - 
BOOKKEEPER-804;2014-11-24;2014-12-06;7;9;9;7 - 
BOOKKEEPER-803;2014-11-21;2014-12-12;9;9;9;
BOOKKEEPER-802;2014-11-21;2015-09-07;9;9;10;
BOOKKEEPER-801;2014-11-21;2014-12-12;9;9;9;
BOOKKEEPER-800;2014-11-21;2014-12-05;9;9;9;
BOOKKEEPER-799;2014-11-21;2014-12-09;9;9;9;
BOOKKEEPER-798;2014-11-19;2014-12-02;;9;;
BOOKKEEPER-797;2014-11-19;2014-11-19;7;9;9;7 - 
BOOKKEEPER-795;2014-10-27;2014-12-09;9;9;9;
BOOKKEEPER-794;2014-10-17;2016-04-05;;9;;
BOOKKEEPER-793;2014-10-13;2014-10-15;9;9;9;
BOOKKEEPER-786;2014-09-20;2014-09-22;9;9;9;
BOOKKEEPER-785;2014-09-17;2014-09-18;9;9;9;
BOOKKEEPER-784;2014-09-12;2014-09-18;9;9;9;
BOOKKEEPER-783;2014-09-12;2014-09-17;9;9;9;
BOOKKEEPER-780;2014-08-28;2014-09-04;9;9;9;
BOOKKEEPER-779;2014-08-28;2014-09-06;9;9;9;
BOOKKEEPER-778;2014-08-28;2014-09-09;9;9;9;
BOOKKEEPER-777;2014-08-28;2014-09-06;9;9;9;
BOOKKEEPER-774;2014-07-26;2014-08-14;9;9;9;
BOOKKEEPER-769;2014-06-19;2016-03-16;8;8;11;
BOOKKEEPER-768;2014-06-17;2014-07-15;6;8;9;6 - 
BOOKKEEPER-767;2014-06-04;2014-06-06;8;8;8;
BOOKKEEPER-766;2014-06-03;2014-06-05;8;8;8;
BOOKKEEPER-765;2014-06-03;2014-06-10;8;8;8;
BOOKKEEPER-763;2014-05-29;2014-05-30;8;8;8;
BOOKKEEPER-755;2014-05-08;2014-05-15;8;8;8;
BOOKKEEPER-752;2014-05-07;2014-05-27;6;8;;6 - 
BOOKKEEPER-751;2014-05-07;2014-05-30;8;8;8;
BOOKKEEPER-750;2014-04-29;2014-05-23;8;8;8;
BOOKKEEPER-746;2014-04-04;2014-06-03;8;8;8;
BOOKKEEPER-745;2014-04-04;2014-06-02;8;8;8;
BOOKKEEPER-744;2014-04-04;2014-05-06;8;8;8;
BOOKKEEPER-743;2014-04-04;2014-04-24;8;8;8;
BOOKKEEPER-742;2014-04-04;2014-04-24;8;8;8;
BOOKKEEPER-740;2014-03-07;2014-03-10;8;8;8;
BOOKKEEPER-739;2014-03-04;2014-07-24;8;8;9;
BOOKKEEPER-731;2014-02-06;2014-02-10;8;8;8;
BOOKKEEPER-730;2014-02-06;2014-03-07;8;8;8;
BOOKKEEPER-729;2014-02-04;2014-02-06;8;8;8;
BOOKKEEPER-728;2014-02-04;2014-02-06;8;8;8;
BOOKKEEPER-727;2014-02-04;2014-02-05;8;8;8;
BOOKKEEPER-726;2014-02-04;2014-03-10;8;8;8;
BOOKKEEPER-725;2014-02-04;2014-02-06;8;8;8;
BOOKKEEPER-724;2014-02-02;2014-02-06;7;7;8;
BOOKKEEPER-720;2014-01-21;2014-01-22;7;7;7;
BOOKKEEPER-719;2014-01-21;2014-01-21;7;7;7;
BOOKKEEPER-714;2013-12-31;2014-03-10;7;7;7;
BOOKKEEPER-712;2013-12-05;2013-12-05;5;7;7;5 - 
BOOKKEEPER-711;2013-12-03;2013-12-05;6;7;7;6 - 
BOOKKEEPER-710;2013-11-23;2014-04-12;7;7;7;
BOOKKEEPER-709;2013-11-23;2014-01-03;7;7;7;
BOOKKEEPER-708;2013-11-10;2014-02-02;7;7;7;
BOOKKEEPER-700;2013-10-30;2013-10-30;7;7;7;
BOOKKEEPER-698;2013-10-29;2013-10-30;7;7;7;
BOOKKEEPER-695;2013-10-16;2015-09-25;7;7;9;7 - 
BOOKKEEPER-689;2013-10-04;2014-03-07;;6;;
BOOKKEEPER-688;2013-10-04;2014-03-04;4;6;7;4 - 
BOOKKEEPER-686;2013-09-29;2013-10-02;4;6;6;4 - 
BOOKKEEPER-685;2013-09-13;2013-10-02;;6;;
BOOKKEEPER-684;2013-09-13;2013-09-19;;6;;
BOOKKEEPER-683;2013-09-12;2013-09-27;6;6;6;
BOOKKEEPER-680;2009-04-01;2017-10-09;;1;;
BOOKKEEPER-679;2013-09-04;2013-09-09;;6;;
BOOKKEEPER-678;2013-09-01;2013-11-22;6;6;7;
BOOKKEEPER-676;2013-08-23;2013-10-14;6;6;7;
BOOKKEEPER-673;2013-08-21;2013-10-14;6;6;7;
BOOKKEEPER-671;2013-08-13;2017-10-09;5;6;;5 - 
BOOKKEEPER-669;2013-08-08;2013-09-09;;6;;
BOOKKEEPER-668;2013-08-06;2013-08-20;5;6;6;5 - 7 - 
BOOKKEEPER-667;2013-08-06;2013-08-13;5;6;6;5 - 
BOOKKEEPER-664;2013-07-29;2013-10-22;5;6;7;5 - 
BOOKKEEPER-663;2013-07-26;2013-07-29;6;6;6;
BOOKKEEPER-660;2013-07-24;2013-08-20;4;6;;4 - 
BOOKKEEPER-654;2013-07-21;2014-02-21;4;6;8;4 - 
BOOKKEEPER-652;2013-07-20;2013-07-20;6;6;6;
BOOKKEEPER-649;2013-07-16;2013-08-22;6;6;6;
BOOKKEEPER-646;2013-07-08;2013-07-20;5;6;6;5 - 
BOOKKEEPER-642;2013-07-05;2013-07-24;6;6;6;
BOOKKEEPER-641;2013-07-02;2013-07-03;5;6;6;5 - 
BOOKKEEPER-638;2013-06-28;2013-10-11;6;6;7;7 - 
BOOKKEEPER-636;2013-06-26;2013-07-04;5;6;6;5 - 7 - 
BOOKKEEPER-635;2013-06-26;2013-07-20;6;6;6;
BOOKKEEPER-633;2013-06-25;2013-06-26;6;6;6;7 - 
BOOKKEEPER-632;2013-06-20;2013-08-21;5;6;6;5 - 7 - 
BOOKKEEPER-626;2013-06-14;2013-06-15;5;6;6;5 - 7 - 
BOOKKEEPER-625;2013-06-14;2013-07-24;5;6;;5 - 
BOOKKEEPER-624;2013-06-12;2013-08-20;5;6;6;5 - 
BOOKKEEPER-623;2013-06-12;2013-06-26;5;6;6;5 - 7 - 
BOOKKEEPER-621;2013-06-07;2013-07-20;5;6;;5 - 
BOOKKEEPER-620;2013-06-07;2013-06-28;6;6;6;
BOOKKEEPER-619;2013-06-06;2013-06-21;5;6;6;5 - 
BOOKKEEPER-617;2013-06-03;2013-06-05;6;6;6;
BOOKKEEPER-610;2013-05-10;2013-07-20;6;6;6;
BOOKKEEPER-607;2013-04-22;2013-07-22;4;6;6;4 - 5 - 
BOOKKEEPER-604;2013-04-08;2013-08-12;6;6;6;
BOOKKEEPER-603;2013-04-08;2013-06-03;4;6;6;4 - 5 - 
BOOKKEEPER-602;2013-04-05;2014-03-10;4;6;7;4 - 5 - 
BOOKKEEPER-601;2013-04-05;2013-07-13;4;6;6;4 - 5 - 
BOOKKEEPER-600;2013-04-05;2013-07-15;4;6;6;4 - 5 - 
BOOKKEEPER-599;2013-04-05;2013-04-07;4;6;6;4 - 5 - 
BOOKKEEPER-598;2013-04-04;2013-04-07;5;6;6;5 - 
BOOKKEEPER-597;2013-04-02;2013-04-02;6;6;6;
BOOKKEEPER-596;2013-03-28;2013-07-26;4;6;6;4 - 5 - 
BOOKKEEPER-594;2013-03-26;2016-03-16;5;5;11;
BOOKKEEPER-586;2013-03-20;2013-03-25;5;5;5;
BOOKKEEPER-585;2013-03-14;2013-03-18;5;5;5;
BOOKKEEPER-584;2013-03-12;2013-04-26;4;5;6;4 - 
BOOKKEEPER-583;2013-03-07;2013-03-25;5;5;5;5 - 
BOOKKEEPER-581;2013-03-05;2013-03-25;4;5;5;4 - 5 - 
BOOKKEEPER-580;2013-02-27;2013-08-23;5;5;6;
BOOKKEEPER-579;2013-02-27;2013-03-09;5;5;5;
BOOKKEEPER-578;2013-02-27;2016-04-05;5;5;11;
BOOKKEEPER-577;2013-02-26;2013-05-07;;5;;
BOOKKEEPER-569;2013-02-13;2013-02-16;5;5;5;
BOOKKEEPER-568;2013-02-11;2013-02-15;4;5;5;4 - 
BOOKKEEPER-567;2013-02-09;2013-02-19;5;5;5;
BOOKKEEPER-561;2013-02-05;2013-02-08;5;5;5;
BOOKKEEPER-559;2013-01-28;2013-03-05;4;5;5;4 - 
BOOKKEEPER-557;2013-01-24;2013-03-25;5;5;5;
BOOKKEEPER-556;2013-01-24;2013-02-09;5;5;5;
BOOKKEEPER-554;2013-01-20;2013-02-12;4;5;5;4 - 
BOOKKEEPER-549;2013-01-16;2013-02-19;3;3;5;
BOOKKEEPER-548;2013-01-16;2013-02-19;3;3;5;
BOOKKEEPER-544;2013-01-11;2013-06-06;3;3;6;
BOOKKEEPER-543;2013-01-10;2013-01-10;2;3;3;2 - 
BOOKKEEPER-539;2013-01-09;2013-01-11;3;3;3;
BOOKKEEPER-538;2013-01-08;2013-01-10;3;3;3;
BOOKKEEPER-534;2013-01-05;2013-01-07;3;3;3;
BOOKKEEPER-533;2013-01-05;2013-01-09;3;3;3;
BOOKKEEPER-532;2013-01-05;2013-01-08;3;3;3;
BOOKKEEPER-531;2013-01-05;2013-01-09;3;3;3;
BOOKKEEPER-530;2012-12-29;2013-01-10;2;3;3;2 - 
BOOKKEEPER-524;2012-12-21;2013-01-07;3;3;3;4 - 
BOOKKEEPER-522;2012-12-20;2012-12-24;3;3;3;
BOOKKEEPER-520;2012-12-18;2012-12-27;3;3;3;
BOOKKEEPER-514;2012-12-14;2012-12-28;3;3;3;
BOOKKEEPER-513;2012-12-14;2013-01-14;3;3;3;
BOOKKEEPER-512;2012-12-14;2012-12-15;3;3;3;
BOOKKEEPER-511;2012-12-14;2012-12-15;3;3;3;
BOOKKEEPER-509;2012-12-14;2012-12-18;3;3;3;
BOOKKEEPER-507;2012-12-14;2013-01-03;3;3;3;
BOOKKEEPER-504;2012-12-13;2012-12-14;3;3;3;
BOOKKEEPER-503;2012-12-13;2013-01-12;3;3;3;
BOOKKEEPER-500;2012-12-11;2012-12-18;2;3;3;2 - 4 - 
BOOKKEEPER-498;2012-12-10;2012-12-10;3;3;3;
BOOKKEEPER-497;2012-12-10;2012-12-12;3;3;3;
BOOKKEEPER-493;2012-12-06;2012-12-12;3;3;3;
BOOKKEEPER-485;2012-11-27;2012-12-01;3;3;3;
BOOKKEEPER-484;2012-11-27;2012-12-03;3;3;3;
BOOKKEEPER-483;2012-11-27;2012-12-13;3;3;3;
BOOKKEEPER-482;2012-11-27;2012-12-01;3;3;3;
BOOKKEEPER-481;2012-11-27;2012-11-30;3;3;3;
BOOKKEEPER-480;2012-11-27;2012-11-30;3;3;3;
BOOKKEEPER-479;2012-11-27;2012-11-27;3;3;3;
BOOKKEEPER-477;2012-11-23;2012-11-27;3;3;3;
BOOKKEEPER-475;2012-11-21;2012-12-04;3;3;3;
BOOKKEEPER-474;2012-11-21;2012-12-08;3;3;3;
BOOKKEEPER-471;2012-11-19;2012-11-27;3;3;3;
BOOKKEEPER-470;2012-11-19;2012-12-04;3;3;3;
BOOKKEEPER-469;2012-11-19;2012-12-10;3;3;3;
BOOKKEEPER-468;2012-11-19;2012-11-21;3;3;3;
BOOKKEEPER-467;2012-11-19;2012-11-23;3;3;3;
BOOKKEEPER-466;2012-11-19;2012-11-21;3;3;3;
BOOKKEEPER-465;2012-11-14;2012-12-10;3;3;3;4 - 
BOOKKEEPER-461;2012-11-11;2012-12-04;3;3;3;
BOOKKEEPER-458;2012-11-06;2012-12-13;3;3;3;
BOOKKEEPER-457;2012-11-06;2012-11-29;2;3;3;2 - 
BOOKKEEPER-454;2012-11-02;2012-11-22;3;3;3;
BOOKKEEPER-447;2012-10-30;2012-12-24;3;3;3;4 - 
BOOKKEEPER-446;2012-10-29;2013-09-10;3;3;6;4 - 
BOOKKEEPER-442;2012-10-25;2012-12-03;2;3;3;2 - 4 - 
BOOKKEEPER-441;2012-10-24;2012-10-26;3;3;3;4 - 
BOOKKEEPER-439;2012-10-19;2012-10-26;2;3;3;2 - 4 - 
BOOKKEEPER-436;2012-10-16;2012-10-16;3;3;3;
BOOKKEEPER-434;2012-10-15;2012-10-31;3;3;3;
BOOKKEEPER-427;2012-10-09;2012-10-23;3;3;3;4 - 
BOOKKEEPER-425;2012-10-09;2012-10-26;3;3;3;
BOOKKEEPER-424;2012-10-07;2012-10-25;1;3;3;1 - 2 - 
BOOKKEEPER-415;2012-10-04;2012-10-10;3;3;3;
BOOKKEEPER-413;2012-10-01;2012-10-10;3;3;3;
BOOKKEEPER-408;2012-09-17;2012-12-13;2;3;3;2 - 
BOOKKEEPER-404;2012-09-13;2012-12-13;3;3;3;
BOOKKEEPER-403;2012-09-13;2012-09-14;3;3;3;4 - 
BOOKKEEPER-397;2012-09-10;2012-09-26;3;3;3;4 - 
BOOKKEEPER-396;2012-09-07;2012-09-11;2;3;3;2 - 
BOOKKEEPER-395;2012-09-07;2012-09-07;3;3;3;
BOOKKEEPER-392;2012-09-04;2012-09-13;3;3;3;
BOOKKEEPER-387;2012-09-04;2012-09-07;2;3;3;2 - 
BOOKKEEPER-383;2012-08-27;2012-09-07;2;3;3;2 - 
BOOKKEEPER-382;2012-08-25;2012-08-27;1;3;3;1 - 2 - 
BOOKKEEPER-381;2012-08-25;2012-08-27;3;3;3;
BOOKKEEPER-377;2012-08-23;2017-10-09;;3;;4 - 
BOOKKEEPER-374;2012-08-19;2012-08-20;;3;;4 - 
BOOKKEEPER-372;2012-08-17;2012-08-17;3;3;3;
BOOKKEEPER-371;2012-08-17;2012-08-28;3;3;3;
BOOKKEEPER-365;2012-08-14;2012-12-13;1;3;3;1 - 2 - 
BOOKKEEPER-363;2012-08-14;2014-03-07;3;3;8;4 - 
BOOKKEEPER-355;2012-08-08;2013-01-07;2;3;3;2 - 4 - 
BOOKKEEPER-354;2012-08-07;2012-08-21;3;3;3;4 - 
BOOKKEEPER-352;2012-07-26;2012-07-27;3;3;3;4 - 
BOOKKEEPER-351;2012-07-23;2012-12-03;3;3;3;4 - 
BOOKKEEPER-349;2012-07-23;2012-07-26;2;3;3;2 - 
BOOKKEEPER-343;2012-07-16;2012-08-03;2;3;3;2 - 
BOOKKEEPER-338;2012-07-12;2012-08-17;3;3;3;
BOOKKEEPER-337;2012-07-11;2012-08-28;1;3;3;1 - 
BOOKKEEPER-336;2012-07-10;2012-12-13;2;3;3;2 - 
BOOKKEEPER-330;2012-07-09;2012-07-26;1;3;3;1 - 2 - 
BOOKKEEPER-329;2012-07-09;2012-07-11;1;3;3;1 - 2 - 
BOOKKEEPER-327;2012-07-05;2012-07-24;1;3;3;1 - 2 - 
BOOKKEEPER-326;2012-07-04;2012-08-13;2;3;3;2 - 
BOOKKEEPER-324;2012-07-03;2012-07-04;3;3;3;
BOOKKEEPER-322;2012-06-27;2012-06-28;3;3;3;
BOOKKEEPER-313;2012-06-23;2013-06-21;3;3;6;5 - 
BOOKKEEPER-307;2012-06-21;2012-06-27;3;3;3;
BOOKKEEPER-306;2012-06-21;2012-07-16;3;3;3;
BOOKKEEPER-303;2012-06-20;2012-06-27;3;3;3;
BOOKKEEPER-302;2012-06-20;2012-06-28;2;3;3;2 - 
BOOKKEEPER-298;2012-06-14;2012-06-18;3;3;3;
BOOKKEEPER-296;2012-06-14;2012-08-17;1;3;3;1 - 
BOOKKEEPER-294;2012-06-13;2012-07-05;2;2;3;2 - 
BOOKKEEPER-292;2012-06-11;2012-06-19;2;2;3;
BOOKKEEPER-291;2012-06-11;2012-12-03;2;2;3;
BOOKKEEPER-288;2012-06-07;2012-06-07;2;2;2;
BOOKKEEPER-287;2012-06-06;2012-06-06;2;2;2;
BOOKKEEPER-286;2012-06-04;2012-06-05;2;2;2;2 - 
BOOKKEEPER-285;2012-06-04;2012-06-05;2;2;2;2 - 
BOOKKEEPER-281;2012-06-01;2012-06-05;2;2;2;
BOOKKEEPER-280;2012-05-31;2012-06-29;2;2;3;4 - 
BOOKKEEPER-279;2012-05-31;2012-06-05;1;2;2;1 - 
BOOKKEEPER-274;2012-05-30;2012-06-12;1;2;2;1 - 2 - 
BOOKKEEPER-273;2012-05-30;2012-05-30;2;2;2;2 - 
BOOKKEEPER-263;2012-05-16;2012-05-24;2;2;2;2 - 
BOOKKEEPER-260;2012-05-15;2012-05-25;2;2;2;
BOOKKEEPER-258;2012-05-15;2012-05-26;2;2;2;
BOOKKEEPER-245;2012-05-09;2012-05-10;2;2;2;
BOOKKEEPER-242;2012-05-08;2012-05-09;1;2;2;1 - 
BOOKKEEPER-235;2012-05-03;2012-05-09;2;2;2;
BOOKKEEPER-234;2012-05-03;2012-05-09;2;2;2;2 - 
BOOKKEEPER-233;2012-04-29;2012-07-26;;2;;
BOOKKEEPER-232;2012-04-29;2012-05-07;2;2;2;2 - 
BOOKKEEPER-231;2012-04-28;2012-04-28;2;2;2;2 - 
BOOKKEEPER-229;2012-04-26;2012-05-08;2;2;2;2 - 
BOOKKEEPER-217;2012-04-16;2012-04-24;2;2;2;2 - 
BOOKKEEPER-216;2012-04-13;2012-04-16;2;2;2;2 - 
BOOKKEEPER-215;2012-04-11;2012-05-09;2;2;2;2 - 
BOOKKEEPER-213;2012-04-06;2012-04-19;2;2;2;
BOOKKEEPER-212;2012-04-06;2012-04-09;2;2;2;
BOOKKEEPER-211;2012-04-06;2012-04-10;2;2;2;
BOOKKEEPER-209;2012-04-06;2012-05-15;2;2;2;2 - 
BOOKKEEPER-207;2012-04-02;2012-04-03;2;2;2;
BOOKKEEPER-198;2012-03-30;2012-03-31;2;2;2;
BOOKKEEPER-197;2012-03-30;2012-04-16;2;2;2;2 - 
BOOKKEEPER-195;2012-03-28;2012-03-29;2;2;2;
BOOKKEEPER-194;2012-03-28;2012-03-29;2;2;2;
BOOKKEEPER-193;2012-03-26;2012-03-31;2;2;2;
BOOKKEEPER-190;2012-03-21;2012-03-29;2;2;2;
BOOKKEEPER-189;2012-03-20;2012-03-21;2;2;2;
BOOKKEEPER-188;2012-03-20;2012-03-21;2;2;2;
BOOKKEEPER-186;2012-03-16;2012-03-19;1;2;2;1 - 
BOOKKEEPER-184;2012-03-13;2012-03-15;2;2;2;
BOOKKEEPER-182;2012-03-08;2012-03-16;2;2;2;
BOOKKEEPER-180;2012-03-01;2012-03-08;2;2;2;
BOOKKEEPER-177;2012-02-23;2012-02-24;2;2;2;
BOOKKEEPER-176;2012-02-17;2012-03-01;2;2;2;
BOOKKEEPER-174;2012-02-16;2012-02-17;1;2;2;1 - 
BOOKKEEPER-173;2012-02-16;2012-04-20;2;2;2;
BOOKKEEPER-171;2012-02-14;2012-02-15;2;2;2;
BOOKKEEPER-170;2012-02-14;2012-02-15;2;2;2;
BOOKKEEPER-169;2012-02-14;2012-02-17;1;2;2;1 - 
BOOKKEEPER-167;2012-02-08;2012-02-08;1;2;2;1 - 
BOOKKEEPER-166;2012-02-07;2012-03-30;2;2;2;
BOOKKEEPER-163;2012-02-07;2012-03-13;1;2;2;1 - 
BOOKKEEPER-162;2012-02-07;2012-02-13;1;2;2;1 - 
BOOKKEEPER-161;2012-02-06;2012-02-07;2;2;2;
BOOKKEEPER-156;2012-01-29;2012-02-08;1;2;2;1 - 
BOOKKEEPER-153;2012-01-16;2012-01-18;1;2;2;1 - 
BOOKKEEPER-152;2012-01-11;2012-02-13;1;2;2;1 - 
BOOKKEEPER-150;2012-01-03;2012-01-17;1;2;2;1 - 
BOOKKEEPER-148;2012-01-02;2012-01-11;2;2;2;
BOOKKEEPER-146;2011-12-21;2012-05-25;2;2;2;
BOOKKEEPER-142;2011-12-12;2011-12-16;1;2;2;1 - 
BOOKKEEPER-140;2011-12-06;2011-12-21;1;1;2;1 - 
BOOKKEEPER-139;2011-12-02;2011-12-02;1;1;1;
BOOKKEEPER-138;2011-12-02;2011-12-02;1;1;1;
BOOKKEEPER-137;2011-12-02;2012-02-09;1;1;2;
BOOKKEEPER-135;2011-12-02;2012-04-02;1;1;2;
BOOKKEEPER-134;2011-12-01;2011-12-01;1;1;1;
BOOKKEEPER-133;2011-12-01;2011-12-22;1;1;2;1 - 
BOOKKEEPER-131;2011-11-30;2011-12-01;1;1;1;1 - 2 - 
BOOKKEEPER-129;2011-11-30;2011-11-30;1;1;1;1 - 
BOOKKEEPER-128;2011-11-29;2011-11-30;1;1;1;
BOOKKEEPER-127;2011-11-29;2011-11-29;1;1;1;
BOOKKEEPER-125;2011-11-29;2011-11-29;1;1;1;
BOOKKEEPER-124;2011-11-28;2011-11-29;1;1;1;
BOOKKEEPER-119;2011-11-25;2011-11-28;1;1;1;
BOOKKEEPER-118;2011-11-23;2011-11-28;1;1;1;1 - 
BOOKKEEPER-115;2011-11-18;2011-11-18;1;1;1;
BOOKKEEPER-113;2011-11-17;2012-02-24;1;1;2;
BOOKKEEPER-112;2011-11-15;2012-03-31;1;1;2;
BOOKKEEPER-107;2011-11-04;2011-11-08;1;1;1;1 - 
BOOKKEEPER-106;2011-11-04;2011-11-15;1;1;1;
BOOKKEEPER-100;2011-10-27;2011-10-27;1;1;1;
BOOKKEEPER-94;2011-10-26;2011-10-26;1;1;1;1 - 
BOOKKEEPER-93;2011-10-25;2011-10-27;1;1;1;1 - 
BOOKKEEPER-92;2011-10-25;2011-10-25;1;1;1;1 - 
BOOKKEEPER-88;2011-10-19;2011-10-24;1;1;1;
BOOKKEEPER-87;2011-10-19;2011-11-17;1;1;1;
BOOKKEEPER-86;2011-10-18;2011-10-18;1;1;1;
BOOKKEEPER-81;2011-10-14;2011-11-17;1;1;1;1 - 
BOOKKEEPER-80;2011-10-14;2011-11-08;1;1;1;1 - 
BOOKKEEPER-79;2011-10-14;2011-11-21;1;1;1;1 - 
BOOKKEEPER-74;2011-10-07;2012-03-01;1;1;2;
BOOKKEEPER-72;2011-10-07;2012-05-17;1;1;2;
BOOKKEEPER-71;2011-09-29;2011-10-28;1;1;1;1 - 
BOOKKEEPER-69;2011-09-28;2011-11-18;1;1;1;1 - 
BOOKKEEPER-68;2011-09-19;2011-10-18;1;1;1;
BOOKKEEPER-66;2011-09-13;2011-11-30;1;1;1;
BOOKKEEPER-65;2011-09-07;2011-10-17;1;1;1;
BOOKKEEPER-63;2011-08-31;2011-09-05;1;1;1;
BOOKKEEPER-62;2011-08-30;2011-11-30;1;1;1;
BOOKKEEPER-61;2011-08-30;2011-10-08;1;1;1;1 - 
BOOKKEEPER-59;2011-08-30;2011-09-16;1;1;1;
BOOKKEEPER-58;2011-08-29;2011-08-29;1;1;1;
BOOKKEEPER-57;2011-08-29;2011-08-31;1;1;1;1 - 
BOOKKEEPER-56;2011-08-26;2012-04-28;1;1;2;1 - 
BOOKKEEPER-55;2011-08-25;2013-01-02;1;1;3;1 - 
BOOKKEEPER-53;2011-08-25;2011-11-29;1;1;1;1 - 
BOOKKEEPER-52;2011-08-18;2011-08-30;1;1;1;1 - 
BOOKKEEPER-51;2011-08-18;2011-08-30;1;1;1;1 - 
BOOKKEEPER-50;2011-08-18;2011-11-04;1;1;1;1 - 
BOOKKEEPER-43;2011-08-11;2011-08-24;1;1;1;1 - 
BOOKKEEPER-42;2011-08-10;2017-10-09;;1;;
BOOKKEEPER-40;2011-08-08;2012-01-13;1;1;2;
BOOKKEEPER-39;2011-08-08;2011-11-28;1;1;1;1 - 
BOOKKEEPER-38;2011-08-08;2011-08-24;1;1;1;1 - 
BOOKKEEPER-29;2011-06-29;2011-08-11;1;1;1;
BOOKKEEPER-28;2011-06-29;2011-08-30;1;1;1;
BOOKKEEPER-27;2011-06-29;2011-07-31;1;1;1;
BOOKKEEPER-24;2011-06-02;2017-10-09;;1;;
BOOKKEEPER-22;2011-06-01;2011-06-06;1;1;1;
BOOKKEEPER-21;2011-05-31;2011-06-28;;1;;
BOOKKEEPER-19;2011-05-18;2011-05-20;1;1;1;
BOOKKEEPER-18;2011-05-16;2011-08-29;1;1;1;
BOOKKEEPER-5;2011-02-21;2011-08-30;1;1;1;
BOOKKEEPER-1;2011-04-26;2011-05-25;1;1;1;
