TicketID; Commit; LastCommit; LastDateCommit
SYNCOPE-95;1;commit 47460136628e329bba21c4435acef27a64681026 1339688073 -----sp;2012-06-14
SYNCOPE-825;1;commit 826065f0610ea485b6d3bb91634e6e3dcb93e966 1461753920 -----sp;2016-04-27
SYNCOPE-1107;1;commit fc8a30b8573573b108208e459d92a45797fdf3c3 1497280570 -----sp;2017-06-12
SYNCOPE-1391;1;commit 65756405fe897eb8c0a35db2e1473bd7fb0cecdf 1542037768 -----sp;2018-11-12
SYNCOPE-1193;1;commit 81515d7e243e8116409e2be2cb6bf036a305f988 1502460414 -----sp;2017-08-11
SYNCOPE-817;2;commit 0139df76876234e593b8592502bcd476db50b407 1461254814 -----sp;2016-04-21
SYNCOPE-911;2;commit 51275d6192fed391dcbdc871d130b6eb2d50e0d9 1470055479 -----sp;2016-08-01
SYNCOPE-1231;1;commit 33daf27daa55a3dac382f811f916b4d9e5679b65 1510761757 -----sp;2017-11-15
SYNCOPE-1439;2;commit 431c351342e06aaf21a2984488b0259c891ff612 1551965727 -----sp;2019-03-07
SYNCOPE-1691;1;commit f092bb42453f40f7a169470dabedb32123b80652 1659527183 -----sp;2022-08-03
SYNCOPE-104;1;commit 0acf6a7f7f448ab4ffe3930aa179e47c120b3920 1341396457 -----sp;2012-07-04
SYNCOPE-876;1;commit ddc2f3a18034b50ea84c0349f52570bc5885eaf3 1466675225 -----sp;2016-06-23
SYNCOPE-96;1;commit 29db8d4e6ef19ff1d61bc6e03ec431bfdda86d45 1340200199 -----sp;2012-06-20
SYNCOPE-1048;1;commit 9fe5a756115a1caafee3261d914c6b3d4788503c 1489766389 -----sp;2017-03-17
SYNCOPE-336;2;commit 4cabd59ef5a9b4c73e910ba926e11cf360f4deee 1366992043 -----sp;2013-04-26
SYNCOPE-396;1;commit dfcb2632e95583dc35cb99f4cac19a363bff4b82 1372084185 -----sp;2013-06-24
SYNCOPE-532;3;commit 0b237956bdf5d49f83ea8a6f9c7a079d2a562101 1404727341 -----sp;2014-07-07
SYNCOPE-1448;1;commit 50469a15b51b99e6b1e52a05626f96e0b9ce6cdd 1553521407 -----sp;2019-03-25
SYNCOPE-1693;1;commit 4014601f040b4a48c46585e4259d968bce554ec8 1662029744 -----sp;2022-09-01
SYNCOPE-1263;2;commit 520cdca7cd744dc6919c8d28acabe58fc5b19491 1516617785 -----sp;2018-01-22
SYNCOPE-1657;1;commit c3a016d0f16b610726ebd07cf997ab294595b0b5 1643727941 -----sp;2022-02-01
SYNCOPE-1158;1;commit 3e90e38fd6519ac3b94a6ca3c4db9eab9434f1bd 1499866966 -----sp;2017-07-12
SYNCOPE-512;1;commit a79e1f3d38f5d308ba86c75028546d1ee30c484c 1403275047 -----sp;2014-06-20
SYNCOPE-1342;1;commit ae5a7ff2079610452bc64e7b05519cbfec87839b 1532334051 -----sp;2018-07-23
SYNCOPE-1644;2;commit 5ec4e92bf7f996f28cc2c655aa9671ef2889c137 1633083281 -----sp;2021-10-01
SYNCOPE-1726;1;commit eaad1f0f2a3a38bef705f917bd0014f758f701f7 1674640711 -----sp;2023-01-25
SYNCOPE-197;1;commit 9479176170aaf3b98f83cd3502552a04d27e3ec4 1346839130 -----sp;2012-09-05
SYNCOPE-462;2;commit 9dfcc57a1d33b0bb8be888050d42cac877d2e412 1391086760 -----sp;2014-01-30
SYNCOPE-863;1;commit e9d42f4ab157538001c90ab15df6416ba38f7538 1466697159 -----sp;2016-06-23
SYNCOPE-1544;2;commit 2ac89d97b64026ac656bd84e63e287c1812b7afc 1582734025 -----sp;2020-02-26
SYNCOPE-381;2;commit 25ad33a77ed4d3114260546f21c9dac36f1208e1 1370016434 -----sp;2013-05-31
SYNCOPE-556;2;commit 67a56d0a76d99301c10180ec4d0e08c263b976b0 1412275003 -----sp;2014-10-02
SYNCOPE-1503;1;commit 08a534d6464d78dbc24a9dd58dd04ecfcddb11a9 1571316880 -----sp;2019-10-17
SYNCOPE-1175;1;commit 0e4eed03e565107d7aa2801bc892aa099926fd82 1501240945 -----sp;2017-07-28
SYNCOPE-1419;4;commit 4a293350217a4c065781be22d8f8067729ab4df9 1545378670 -----sp;2018-12-21
SYNCOPE-1199;1;commit df4bd83c9d4c8374991a57e33a496e93aeaa0f12 1504596881 -----sp;2017-09-05
SYNCOPE-434;2;commit 3d0363f62bd3e7bad37bcd8dea70385dce7fa99f 1383842403 -----sp;2013-11-07
SYNCOPE-686;3;commit 8338f8fa4586f9f87368772ab060c39cd18352df 1440759635 -----sp;2015-08-28
SYNCOPE-71;1;commit e55959c62ac89e395c4c47ff2f24358438a4f15b 1335781628 -----sp;2012-04-30
SYNCOPE-414;1;commit bbe1419b837ac95b841c62588a388f321d4a9fbd 1379492800 -----sp;2013-09-18
SYNCOPE-306;1;commit 9778213812636ed23c2785d320cd6416b85d2fbb 1359728168 -----sp;2013-02-01
SYNCOPE-285;3;commit 23a34b4bcbd8aae74ad25e710b1d4654f22a0e65 1374836599 -----sp;2013-07-26
SYNCOPE-1683;1;commit e53341ed4d822ddc73e778be8556070a7102b8f0 1655814606 -----sp;2022-06-21
SYNCOPE-1134;1;commit 4e8680b3f11064035d7a2038e7d50d085145c78b 1498744708 -----sp;2017-06-29
SYNCOPE-77;1;commit 15ec3af5c91ac2a1d809cec87424f32b33bc25d6 1335970159 -----sp;2012-05-02
SYNCOPE-547;7;commit 73dad882dc2a457b3faa7a86f5839904d9aafd43 1410776605 -----sp;2014-09-15
SYNCOPE-1318;4;commit 26e2b9dd3c7f01eb0572883ae0877d29fbdf53fa 1528701198 -----sp;2018-06-11
SYNCOPE-1664;1;commit 4581c9ca0f567eef32586073d8c4d9718c1827bb 1645722339 -----sp;2022-02-24
SYNCOPE-1380;1;commit 2c48533389ee654602effc6deb78ae4587d0c3e1 1539154343 -----sp;2018-10-10
SYNCOPE-316;1;commit dd81cbff9f7a25f11b26c5c2c43b9c2d2ff4a13b 1361186005 -----sp;2013-02-18
SYNCOPE-47;1;commit 04979883e34a962b8497cfecd5643d648043c27e 1332513331 -----sp;2012-03-23
SYNCOPE-942;1;commit 8d55cbe430f2a272f6838bd1a1a7edfad87e3ab2 1475479602 -----sp;2016-10-03
SYNCOPE-504;2;commit 56c18fe7854e83c6d64c7c938a49793c1419cd59 1403697942 -----sp;2014-06-25
SYNCOPE-52;1;commit 074201c7afdcbf7f2f11ba45aa5310da3eb25195 1333539255 -----sp;2012-04-04
SYNCOPE-1648;1;commit d37e91928c22853d12ff01bc5e3bb201f6054051 1636099338 -----sp;2021-11-05
SYNCOPE-977;1;commit e7e8e92da2ac89cc7ee698cc589e28dfb1c06de3 1480518200 -----sp;2016-11-30
SYNCOPE-81;2;commit 77bd6fd653702bbd4ab5f24247a66bd28bf6317e 1359552483 -----sp;2013-01-30
SYNCOPE-980;1;commit f1d294d6fe23b03ade5f59f9d1b94959c518cb86 1481113656 -----sp;2016-12-07
SYNCOPE-1707;1;commit 5d0066749e291eea1f265599e5d634d7d9193a51 1667213075 -----sp;2022-10-31
SYNCOPE-1131;1;commit cfb6c638d570536233743cca16a5498dcceea6ce 1498576587 -----sp;2017-06-27
SYNCOPE-565;2;commit f7d2058876237027edb5e34b9f2512796448d7cd 1413292497 -----sp;2014-10-14
SYNCOPE-1023;1;commit e4947c909e4cf18713653a4e4977489331c5fb45 1487786475 -----sp;2017-02-22
SYNCOPE-90;1;commit 2bc256d8012b08a8fe559fd50c798719347136f4 1338475979 -----sp;2012-05-31
SYNCOPE-658;3;commit 5cb056fe994910f5ced31c57e6e14987dbaac795 1429004789 -----sp;2015-04-14
SYNCOPE-664;2;commit 496a02a51547f2ba4a48d54bee7a8a4de48df076 1430755029 -----sp;2015-05-04
SYNCOPE-1338;1;commit 6fc42652b2bd0844e9fbd4410143c746c6c038b1 1531734530 -----sp;2018-07-16
SYNCOPE-601;2;commit 68991ba9e4d0c15c628c431727fda4ed436de5ce 1415618122 -----sp;2014-11-10
SYNCOPE-1420;1;commit 10f5c397dcc40e98e09ef025fd6a3de92a30f2f4 1545389716 -----sp;2018-12-21
SYNCOPE-691;2;commit 76e38c59664f39245e6877c5853f5eae79835af4 1441636652 -----sp;2015-09-07
SYNCOPE-1620;1;commit e554c1bec98f4c7c341b1b2ae203bb0e28544bc0 1614844755 -----sp;2021-03-04
SYNCOPE-1622;1;commit dd54534420cc49431612cb4fa605df963ab28879 1615999720 -----sp;2021-03-17
SYNCOPE-670;2;commit 22a9e12e5e001de4926deb9052ba28bd98a85d62 1432290270 -----sp;2015-05-22
SYNCOPE-1308;1;commit 7cdeb5fa8aaae5e39e2453e7bd9fe057afc886b4 1525706590 -----sp;2018-05-07
SYNCOPE-683;1;commit 81a66445f1e7db024a602146e9eb51f44752ea64 1436781743 -----sp;2015-07-13
SYNCOPE-1343;2;commit 0895017a2447e915eb17c822cad865bab368c2ed 1532590021 -----sp;2018-07-26
SYNCOPE-1429;1;commit c7349473e7eca5fbedab9567edef17c48c3ae2cf 1548860544 -----sp;2019-01-30
SYNCOPE-1737;2;commit 3106f99013a684867f64a59544e5c21f91811aca 1678794652 -----sp;2023-03-14
SYNCOPE-893;1;commit a9bd3ce15ab684befa28024fd25c1f10e763ff4c 1467817091 -----sp;2016-07-06
SYNCOPE-118;1;commit 08b92d5d83f387f31db37b48d622b29d71dfa84c 1343634548 -----sp;2012-07-30
SYNCOPE-12;1;commit 651ed51aa27b0813788940083c28a3c06a612e44 1330538923 -----sp;2012-02-29
SYNCOPE-1467;1;commit bb7c2ba5d2cb60abe7e8f4aeb48615e8c2e79647 1557234208 -----sp;2019-05-07
SYNCOPE-545;3;commit b98b4a961b2d4da8e9b633e623fd7ac69a426ca7 1409906654 -----sp;2014-09-05
SYNCOPE-1481;1;commit bd70d14885d5f03fca33f49558db49774a78e15d 1565694278 -----sp;2019-08-13
SYNCOPE-34;1;commit e92e325bb93fbb2a2f46050bde0b323893c8df4e 1331307469 -----sp;2012-03-09
SYNCOPE-966;1;commit 047c00d4b7f2b63245fbbf03080f719b9af3a44e 1478797102 -----sp;2016-11-10
SYNCOPE-1272;1;commit be4f145f917117f9d69e084433d90ca56691d870 1518432029 -----sp;2018-02-12
SYNCOPE-1377;1;commit da91868697e61412ef53cdee717bc82b6db405bc 1538406273 -----sp;2018-10-01
SYNCOPE-793;1;commit 74e57f1f732728ab0ca622239960207b948fe879 1459773962 -----sp;2016-04-04
SYNCOPE-888;1;commit 5b4cf31e55e2fe245f18f08e2e5e085a7463a004 1468832795 -----sp;2016-07-18
SYNCOPE-1663;2;commit 1fb8b4fa3a7d0af2158f01d61dd0a0e35a86b8a5 1644134119 -----sp;2022-02-06
SYNCOPE-1038;1;commit 72f1b3e1a0a239c042548a2da7c7fac142dab55d 1488902208 -----sp;2017-03-07
SYNCOPE-1335;2;commit cf95a35fabffebd73adde14a481508e31b7d29a1 1533047851 -----sp;2018-07-31
SYNCOPE-548;2;commit b818af2a107e69f9fb6404a24816b6fb9e6d7b35 1410793609 -----sp;2014-09-15
SYNCOPE-562;2;commit 3400ae9c746b2c6678e9dbfa5bd9ddb509d49dad 1412848164 -----sp;2014-10-09
SYNCOPE-404;2;commit 5bc5444d4197f9a2cadc73282430885d89860a8b 1374478667 -----sp;2013-07-22
SYNCOPE-1190;4;commit 228e10e28da14362733e9ad3901756526d0e5e5d 1512465596 -----sp;2017-12-05
SYNCOPE-360;1;commit 9bcc552c2593011fe9157a76adc5f7e9329f93c7 1366364154 -----sp;2013-04-19
SYNCOPE-1022;1;commit d7c848cee63695dbf0f63dee6dcc53f52e838b11 1488898983 -----sp;2017-03-07
SYNCOPE-1298;1;commit e8e189aaf32fd8526469d3528c6c38efe38d372f 1523369408 -----sp;2018-04-10
SYNCOPE-730;1;commit 8cee98bc2e6c548558ae71723a714222f0511a31 1458055876 -----sp;2016-03-15
SYNCOPE-997;2;commit 9c15f643a4f38cd86b6a4852896721d9d72ed824 1484325079 -----sp;2017-01-13
SYNCOPE-1085;1;commit 0171cbc096fe474723ff4f70f4136a63f4e3377b 1495199483 -----sp;2017-05-19
SYNCOPE-40;1;commit 648bac6f385e91bc18f8663fb31897aba451d1e9 1332147997 -----sp;2012-03-19
SYNCOPE-108;1;commit 9af846542fd2c69cf46a9b21d5672eff8b271ed0 1342167082 -----sp;2012-07-13
SYNCOPE-83;1;commit cae9834cccaf1f40372ae40cc60404b041e025ba 1338380863 -----sp;2012-05-30
SYNCOPE-1121;1;commit 00617f7b9ad3ed540c8a1d4e22ab84b63f4a1158 1498489218 -----sp;2017-06-26
SYNCOPE-111;1;commit 2596621a12928f0553c70408afa7eea0dc1108ef 1342447792 -----sp;2012-07-16
SYNCOPE-1731;1;commit 4ee601c0f691fba354961fe806c88fa0bf413cb5 1676981783 -----sp;2023-02-21
SYNCOPE-1236;2;commit 30d90566dfe89adbeae9266ad0368b643a806087 1511164492 -----sp;2017-11-20
SYNCOPE-412;1;commit ab494d7fa8987a9c073207679f52399a7c670a6d 1379506264 -----sp;2013-09-18
SYNCOPE-499;2;commit 3ddffc0364ccd183793701359dc77e6125943e9a 1401975115 -----sp;2014-06-05
SYNCOPE-1060;2;commit fad07ef43d271a302f1b3fb5c99ee6dc68cfdbff 1491807742 -----sp;2017-04-10
SYNCOPE-495;2;commit ffc61f0e328a2ec702f0e9ca72cae31ed38d9b53 1401797679 -----sp;2014-06-03
SYNCOPE-553;2;commit ce54c5975d93d896668c45a9315dcd24f22638da 1412000740 -----sp;2014-09-29
SYNCOPE-317;1;commit 9db99c23000bea004cdd8d4bf424683cd33c2132 1361198680 -----sp;2013-02-18
SYNCOPE-823;1;commit f126c48419a2dba75bdd5ef413cc2326dedff442 1460019419 -----sp;2016-04-07
SYNCOPE-776;1;commit d72befc59157c17da6d05f67d4c84e233fbb413e 1458204505 -----sp;2016-03-17
SYNCOPE-928;1;commit 9a7332af592d596149ae86570b31e4d0add52ab9 1472738489 -----sp;2016-09-01
SYNCOPE-1043;3;commit d5f925f48b431cbd36ed32dc119501361b8b7c94 1489490511 -----sp;2017-03-14
SYNCOPE-397;2;commit 00166b51c13ddafa7a38919a636e24f436d29d26 1372333419 -----sp;2013-06-27
SYNCOPE-916;1;commit ef7fc474457444f822bfb29842e7767a20356a36 1470312095 -----sp;2016-08-04
SYNCOPE-1001;1;commit b709acfafe6228a63fef698f0f8f9fa237afec7b 1485252519 -----sp;2017-01-24
SYNCOPE-262;2;commit c050cfe4cc6c4123517bc0fbcbc4eaf4a195f5ac 1357577641 -----sp;2013-01-07
SYNCOPE-294;1;commit 968bd6258d62fd307fbd5c222ba8f8c98302dcd7 1359711321 -----sp;2013-02-01
SYNCOPE-1612;2;commit c23c02bf222bf7192e6ac82a49fee4b313b92a14 1643986324 -----sp;2022-02-04
SYNCOPE-647;2;commit 9f6dc6c28eb79839d62948055074789c925cc03a 1424783206 -----sp;2015-02-24
SYNCOPE-1162;1;commit 715745275b0c8993f48d206231aaf0935f94d17b 1499955774 -----sp;2017-07-13
SYNCOPE-1504;1;commit 352bd60131f0cb10526108b54167ffbbab93e731 1571142951 -----sp;2019-10-15
SYNCOPE-1109;1;commit 06f3fdd73e6b08f400d6551b4607d9527b70ef0d 1497360728 -----sp;2017-06-13
SYNCOPE-1091;1;commit 73c7704002f96a8732a34e664049d24e704e88b7 1495633242 -----sp;2017-05-24
SYNCOPE-1569;1;commit 0da7a8371371a2beef832c70d1b784c2d02a430e 1591853656 -----sp;2020-06-11
SYNCOPE-387;2;commit 21e8da23ee598d65af23213bc68e18f194f7ae05 1370601721 -----sp;2013-06-07
SYNCOPE-981;1;commit 367bf616046d9a31bb32529653560926832dbf1d 1481539461 -----sp;2016-12-12
SYNCOPE-1141;2;commit bbcfc41e012796023b4920151529abffaa942812 1499154921 -----sp;2017-07-04
SYNCOPE-930;1;commit b69e4cf5ed70d7f058a6213cfb409a705f8b74a8 1473062709 -----sp;2016-09-05
SYNCOPE-707;4;commit 876fde9aa6abe7501a6cfdd53e32be0828ecdf03 1444746125 -----sp;2015-10-13
SYNCOPE-1407;2;commit 5308afcda55cc0ecf4c41e5cecd92d9e2d6fc2e3 1544012746 -----sp;2018-12-05
SYNCOPE-1353;1;commit 271a2e77c4f123582d3623922e09f0abc3b83a34 1533987414 -----sp;2018-08-11
SYNCOPE-1174;2;commit b41675a335a7d6b4d297f0cd332738c21a6c29ba 1501240964 -----sp;2017-07-28
SYNCOPE-1214;1;commit 4fe8d084a6aa51fbf7fbfbf025b100df162bd27a 1506517556 -----sp;2017-09-27
SYNCOPE-567;1;commit f99657a2a66abfd68c115d9c1b083dc9b86a3105 1413540470 -----sp;2014-10-17
SYNCOPE-1672;1;commit 40710978a407d10e35f2b8f776e6872ae31fdbdb 1649244960 -----sp;2022-04-06
SYNCOPE-500;3;commit aceaf25fdc38d26e5885a78ac2e775352eca1715 1402069829 -----sp;2014-06-06
SYNCOPE-417;2;commit 65d40b7bf12cd0592479eeab46654a7caef370c7 1379665597 -----sp;2013-09-20
SYNCOPE-351;2;commit f632f56dd8786299ac4d2ef1bf22799bd0d84ecd 1365509762 -----sp;2013-04-09
SYNCOPE-1739;1;commit c5dbc6e9e1a2b23a5c582fefa552ed7a988eb125 1678291311 -----sp;2023-03-08
SYNCOPE-881;1;commit 629d18f2c62e72894676d9106aabea31954ca2e8 1467056088 -----sp;2016-06-27
SYNCOPE-383;2;commit b97d26cb2fe86c99e9ac6dff60d177074009c7f2 1370011756 -----sp;2013-05-31
SYNCOPE-1676;1;commit 2cfe17dfc3a189a4675decf5f963615e22718933 1652342200 -----sp;2022-05-12
SYNCOPE-1619;2;commit 062803068e88ac7838c4b1bc7c0de84c09184fde 1614438236 -----sp;2021-02-27
SYNCOPE-274;1;commit 72e4d9d7ee46bbe48411b22f7776f4cec128abf4 1358254059 -----sp;2013-01-15
SYNCOPE-376;2;commit 357ef239cff44078b63d5e576843f26b41a0f64d 1369918420 -----sp;2013-05-30
SYNCOPE-1128;1;commit c12106de4480d03c9b331ef72f5fa4a0bb65c246 1498573344 -----sp;2017-06-27
SYNCOPE-1387;1;commit e851b2818d72137f5e049d4b810504f51d6a0d70 1540297621 -----sp;2018-10-23
SYNCOPE-1282;1;commit d52636ba8e64426a32e23a88d2072c29e4ec1307 1521122471 -----sp;2018-03-15
SYNCOPE-1315;2;commit 6d38f3c50119f2fb7c2da6a7717e38250e5dd178 1527583910 -----sp;2018-05-29
SYNCOPE-1098;1;commit be35817fe645f4142c2d80be0ee55e36c156324f 1495716356 -----sp;2017-05-25
SYNCOPE-1241;1;commit f0018fe490d54397643edaa52a8d524472fca344 1512136595 -----sp;2017-12-01
SYNCOPE-937;4;commit f8c0d716220eb01b08f56c3277bc60f34b51f9a2 1474982916 -----sp;2016-09-27
SYNCOPE-272;1;commit 0ccbe2f7b2ec04660740b885c590deda6874d130 1358173874 -----sp;2013-01-14
SYNCOPE-103;1;commit 87a99779601bf0a417a5abf944a3530f6eaefa2d 1341310786 -----sp;2012-07-03
SYNCOPE-1586;1;commit 0ed3b04721651066eaff3b74fed365d7900427b4 1599562121 -----sp;2020-09-08
SYNCOPE-1052;1;commit 4ba66c335f5ab7bc7f51ea2ef1568ad03b299eda 1491221328 -----sp;2017-04-03
SYNCOPE-1389;1;commit 6d285b20104369f1afcb85f162386b1eae827038 1540392382 -----sp;2018-10-24
SYNCOPE-1110;2;commit c50ee317670571c7e56e1066536ba99313327166 1498726407 -----sp;2017-06-29
SYNCOPE-1546;1;commit 475e5f924c60509436eb4a74aef1849ded791436 1583513646 -----sp;2020-03-06
SYNCOPE-974;1;commit fba91e145593bd8ac44af74dd5fa2820ea509a8e 1480089302 -----sp;2016-11-25
SYNCOPE-1659;1;commit f8a6b6c972b5b60584475437c10df1e699b1bcee 1646897442 -----sp;2022-03-10
SYNCOPE-1337;1;commit d6d8da66b3a604ecd518c986c580c56a0273ab1e 1531493873 -----sp;2018-07-13
SYNCOPE-1730;1;commit df5ceff0dce8bc03831e9d967e27564e63c04545 1676284331 -----sp;2023-02-13
SYNCOPE-483;2;commit 7cd4b43de678e9545fd191d6f6b102eddd674141 1399989586 -----sp;2014-05-13
SYNCOPE-782;2;commit db624157e24fa58e0c870b8c1fce456e891ad9e7 1458385640 -----sp;2016-03-19
SYNCOPE-540;4;commit 6cb13879bb499ca546e0f9a7c85551acc8d1678b 1407260369 -----sp;2014-08-05
SYNCOPE-1254;1;commit 8ef021e23f67027dda842559029fd65788beb865 1522753987 -----sp;2018-04-03
SYNCOPE-973;1;commit 4371ae7874de87781ef180df9c310e38c95a46db 1474983329 -----sp;2016-09-27
SYNCOPE-372;2;commit b15e4ed00543966b0d20e8886f78ac5b9146af8b 1369729120 -----sp;2013-05-28
SYNCOPE-440;2;commit 81a069506a0a2607961b4d112575dcf9300aae4b 1385028517 -----sp;2013-11-21
SYNCOPE-1189;1;commit b7458d070f88a18ea098dc0196177a502f0623ac 1502188845 -----sp;2017-08-08
SYNCOPE-352;2;commit cefea78d6a7a5da3c5e9450afc63ff9c5969dc0b 1365517037 -----sp;2013-04-09
SYNCOPE-574;1;commit 4e29d42fd4d0f6b9dbc623527164b0d373216d53 1414008155 -----sp;2014-10-22
SYNCOPE-1285;1;commit 2dfefb487d3e4b2fd59595a4e696b1dbcf78e318 1521715492 -----sp;2018-03-22
SYNCOPE-739;2;commit dde2a124c809e5fb97447680192453493faa43a6 1449475555 -----sp;2015-12-07
SYNCOPE-489;1;commit efb1ab7252cd55f1a983b220c64f247591094eb0 1399534195 -----sp;2014-05-08
SYNCOPE-734;1;commit 073e29a16c6885163c94d7f5d3a9a5553a3ae231 1448641931 -----sp;2015-11-27
SYNCOPE-1480;1;commit ff9cb07abf411cfdaa7ba3fe020062e75cf4cc8f 1568212813 -----sp;2019-09-11
SYNCOPE-912;1;commit 873a1b93aa00226c43ce4d427786559c3ff36fa3 1470062541 -----sp;2016-08-01
SYNCOPE-301;1;commit e522014cc19b53d6dca57e6f80f2c7335a81590e 1359568607 -----sp;2013-01-30
SYNCOPE-643;2;commit c981971c97e06bbdbb83584585650b34eebe5f36 1424094952 -----sp;2015-02-16
SYNCOPE-315;3;commit ec16475054bf7292a62909df7863ca44dffa62e1 1361201052 -----sp;2013-02-18
SYNCOPE-1375;1;commit 7811bdb2d352ecd4f09b971ea38320814c03d0e8 1537956014 -----sp;2018-09-26
SYNCOPE-23;1;commit e797a8c4ba8e04129e25713db98520105283e58f 1330682410 -----sp;2012-03-02
SYNCOPE-836;1;commit 1bebcdad67bc84099da101957aae1cd978b1db8f 1462460302 -----sp;2016-05-05
SYNCOPE-1042;1;commit d268c1ec5c281d105e2d257e60d0677362733e0b 1488900689 -----sp;2017-03-07
SYNCOPE-1383;3;commit 4f797206318fc00f6b0e31f30c98c0da7ea838c0 1539328756 -----sp;2018-10-12
SYNCOPE-614;1;commit 9d1607734850b852ada7a803c3f11a1bbf48273a 1418223305 -----sp;2014-12-10
SYNCOPE-1725;1;commit 086617475c46a089043c763122d2e0b49fb72821 1674483046 -----sp;2023-01-23
SYNCOPE-113;1;commit ae758caa603d335634503d0703bb0e402253f08f 1342773999 -----sp;2012-07-20
SYNCOPE-712;1;commit fb577531bd39cb80b8ab81eefc344e04e5672af4 1445264588 -----sp;2015-10-19
SYNCOPE-117;1;commit 49bf4b8f3db79de56f35888048066f6345eba04a 1343647831 -----sp;2012-07-30
SYNCOPE-1166;1;commit aa85d990087bc16c3496f273629fb187a488bcfe 1501257782 -----sp;2017-07-28
SYNCOPE-112;1;commit 66bfdf75f78725c9c1c8add77c250c180ad300d3 1342522666 -----sp;2012-07-17
SYNCOPE-546;1;commit e5f684671e0685e7708c419b447e3899dab9bbc4 1409845390 -----sp;2014-09-04
SYNCOPE-361;3;commit aa1a7c6f90bc09bca2463649a944c8797a63cc7d 1366364072 -----sp;2013-04-19
SYNCOPE-484;1;commit 8cd8508cfe7b858c049acadd4c789abbd44640f7 1394694681 -----sp;2014-03-13
SYNCOPE-1013;2;commit 6a46d3a3f350a630a1d664bdb117304c6d249db3 1486905343 -----sp;2017-02-12
SYNCOPE-1606;1;commit 15094166cffac64ab1f1609a83569f8fba6f6f40 1608653104 -----sp;2020-12-22
SYNCOPE-1319;1;commit 37bea639c8ee45716734c6cd8116df4cd5afb590 1527598124 -----sp;2018-05-29
SYNCOPE-1352;1;commit 05f70d9d1f2b95f103b1ad7b89ed18ee20aab911 1533908856 -----sp;2018-08-10
SYNCOPE-1526;1;commit 2e8400196dacdaae08f123d3a8a190d69191cdf9 1576135584 -----sp;2019-12-12
SYNCOPE-564;1;commit 7c714f31c2367a899454b21b121377da5a5874cb 1414079936 -----sp;2014-10-23
SYNCOPE-46;2;commit c8197acdfd385c92771ae0386acf5a8bef5d97ba 1332433457 -----sp;2012-03-22
SYNCOPE-302;1;commit 45b4f6318db61bb78c105695ba2423b58714c4b4 1359628846 -----sp;2013-01-31
SYNCOPE-950;1;commit a247cc51f7f4964d04dfd61d4042967e2ec99ee3 1474622738 -----sp;2016-09-23
SYNCOPE-1650;1;commit 1481a288df7c3013d678ba018e7ac8454d191a28 1636733963 -----sp;2021-11-12
SYNCOPE-878;1;commit 21658a50f6668c1d0c4f2afa3190123e8091d073 1466776435 -----sp;2016-06-24
SYNCOPE-1051;2;commit b980a496e59371b19903bf5d9a0bacec874c10b4 1490710501 -----sp;2017-03-28
SYNCOPE-102;1;commit 8948088ddca0eef141d06ddbd9459fa073f67158 1342197271 -----sp;2012-07-13
SYNCOPE-775;1;commit 855c909156532b71f5df6fb0cb7266c0cf60c1d4 1457532255 -----sp;2016-03-09
SYNCOPE-717;4;commit 381dfde35a27c1d1447ad40941ddabf4dbf9268c 1446195882 -----sp;2015-10-30
SYNCOPE-1344;1;commit 65fe5336441000fb608783e6348da0acff52de64 1532447977 -----sp;2018-07-24
SYNCOPE-1104;1;commit 4f6c1dac9579ff8d697b609742821c310849ba85 1497282647 -----sp;2017-06-12
SYNCOPE-1296;1;commit 2dbd5993a0678da0b606dea4099bd493006d6cf3 1523254797 -----sp;2018-04-09
SYNCOPE-10;1;commit 5b42ee2cf1e6489193876b1fd26205a571f733fc 1330443364 -----sp;2012-02-28
SYNCOPE-931;3;commit a29cc80615e8f066232c5cdf43dc5d25be8487c6 1473256601 -----sp;2016-09-07
SYNCOPE-1701;1;commit 27243a5faf6311ae6b53cc661c811afeec4c7b2a 1666105483 -----sp;2022-10-18
SYNCOPE-947;1;commit 228bf3ed54cfd1ebff45bf0433e08bd84e3197b5 1474296873 -----sp;2016-09-19
SYNCOPE-781;1;commit 49533dcead2543d298dce9b825c6fb7792c71c12 1461160289 -----sp;2016-04-20
SYNCOPE-63;1;commit 73f5734def2a0501f157357e3499798e7e53bd6b 1335264243 -----sp;2012-04-24
SYNCOPE-1288;1;commit 51c60a7a134f7680b7f604f34b1a9c4acc5ddab6 1522939158 -----sp;2018-04-05
SYNCOPE-1024;2;commit 027b6bdfed8666f0d1a1225d3e27a3047e93acf2 1530787381 -----sp;2018-07-05
SYNCOPE-482;1;commit eddd08e933a50e2ee8a60288318d240059480324 1393517681 -----sp;2014-02-27
SYNCOPE-1303;2;commit 909af68081e1efdfc04fd19e1a298cb621477e08 1529915979 -----sp;2018-06-25
SYNCOPE-976;1;commit 16b3f89a6dec0831f9098a62b9a033f749dcb401 1480335038 -----sp;2016-11-28
SYNCOPE-1130;1;commit 53c54d7f13f2a60a5f44519bcc251bad097b0c28 1498577893 -----sp;2017-06-27
SYNCOPE-710;2;commit 2011671c93ac23a2397bcc8be39a1ca191ed035f 1444903533 -----sp;2015-10-15
SYNCOPE-330;1;commit edfb9edcaf52be6d5e2f1d616a861f85eb05d415 1362494562 -----sp;2013-03-05
SYNCOPE-846;1;commit 514cbf435f246f3271e3d4d2d0e8386b6c54ac5f 1464710485 -----sp;2016-05-31
SYNCOPE-668;1;commit 1d6451b5c4178e7d5a368d10af6df82055d95386 1432118513 -----sp;2015-05-20
SYNCOPE-1525;1;commit 1f71884ab5ad77ce7890169f36692928f9a16d14 1576135376 -----sp;2019-12-12
SYNCOPE-1613;1;commit 64a55eb422229a1ea5fbe6efe3c0516d607e3fa3 1611672194 -----sp;2021-01-26
SYNCOPE-65;1;commit 2eb202c9e0bebcfb64083d05104608f136bc9b38 1335954098 -----sp;2012-05-02
SYNCOPE-1542;4;commit 5ff01723c59a429dd7c761138505dd312e08cb58 1584976039 -----sp;2020-03-23
SYNCOPE-1227;1;commit e7f03f43dbe72d036a6df1da56dc0db26045dcae 1510573492 -----sp;2017-11-13
SYNCOPE-671;2;commit 4cd6f5dc673497b83c56873f007f61e405f40f2a 1432487240 -----sp;2015-05-24
SYNCOPE-1180;2;commit 13c046a29287b814c68b6620963bc850c9ce6f6c 1501572528 -----sp;2017-08-01
SYNCOPE-1304;1;commit 9e9002f4b2ae437b4c10f32d3dab513f2e3d9bb5 1524493740 -----sp;2018-04-23
SYNCOPE-1684;1;commit 0cc265743e1789d7943a708bffa64fb04ba7fd4e 1656345769 -----sp;2022-06-27
SYNCOPE-1000;1;commit 7899b4d9cced869450c0c69e85249b7710e718c5 1485186992 -----sp;2017-01-23
SYNCOPE-1567;1;commit dbde3de847c52a7d6abfb62fa96ce8358afc2f4c 1589964913 -----sp;2020-05-20
SYNCOPE-452;2;commit 1f4059be5aff6d8023baa519840eee4eb5ff6ea2 1386078022 -----sp;2013-12-03
SYNCOPE-837;1;commit a8758327731ffc6b30e0fb8246a9f8834e57a1e5 1461748583 -----sp;2016-04-27
SYNCOPE-1443;1;commit 4ce9519705ec1654feff660b4992aac9ad6c90d5 1551700716 -----sp;2019-03-04
SYNCOPE-17;1;commit 17f7f5a0b91d696499d6570b3e7f53904be1e25d 1330613601 -----sp;2012-03-01
SYNCOPE-426;2;commit 43485c73714d1d17f4fc0b124197214a86c41902 1382690409 -----sp;2013-10-25
SYNCOPE-600;1;commit 76b35a7870eee368d8b78e71d39bd9ecc2de5934 1415182061 -----sp;2014-11-05
SYNCOPE-970;1;commit 6a59c3311e8b160e6ea9851c65def972a76e730e 1479470236 -----sp;2016-11-18
SYNCOPE-1014;2;commit 9ad62a3447449c5d3a735bbb5154d2ed7347e689 1486906918 -----sp;2017-02-12
SYNCOPE-839;1;commit 4f44042cb609d21618e35493ef825eed38dfe880 1462779243 -----sp;2016-05-09
SYNCOPE-1253;1;commit d783a23de5f2d4f13f9922d11518c9e31f520f1c 1513593888 -----sp;2017-12-18
SYNCOPE-1583;1;commit b96970ce7c3511d990b6a0ca7e871ff21e156ce3 1595403983 -----sp;2020-07-22
SYNCOPE-1453;2;commit 5f13c73f2132fd0413c84aed0855da49711eee7d 1553770743 -----sp;2019-03-28
SYNCOPE-1312;1;commit 21bb4dc3cac6365d2823a8b7fab0aea11103ea03 1527505752 -----sp;2018-05-28
SYNCOPE-1711;1;commit 6ca1c01fb4ebb1f217e321323656c5ea7e555206 1668681291 -----sp;2022-11-17
SYNCOPE-1297;1;commit d5cfe764bf8853c4f87d74e7b5772da4f9083338 1528464996 -----sp;2018-06-08
SYNCOPE-3;1;commit 2c0ca3967173acbce785f8c95d72a5c2e7ead472 1330100752 -----sp;2012-02-24
SYNCOPE-1505;1;commit 553b33a46a2b2b2f6219b4a8c1512009e8306c3f 1573205813 -----sp;2019-11-08
SYNCOPE-678;2;commit f45f2d9bf1ff5d7e2eb177fc07660916fbfe4ca6 1436779036 -----sp;2015-07-13
SYNCOPE-654;6;commit eb9ea2a279000f8c52780404e410efc888078dee 1429608597 -----sp;2015-04-21
SYNCOPE-1372;1;commit 3e0c00355bec768d3c798b44111b57dfc709ea16 1537179110 -----sp;2018-09-17
SYNCOPE-476;3;commit 1e5f2a67f6036f5379dcd740d4b1c4799dee7b90 1389779837 -----sp;2014-01-15
SYNCOPE-566;2;commit 05eb51deb03130506f9b96358b6ee564e8d93957 1413444010 -----sp;2014-10-16
SYNCOPE-115;1;commit 9e3ad215f6ea8ed698bf31005d2f831d766368c2 1343294904 -----sp;2012-07-26
SYNCOPE-1010;1;commit f3795a8d55b2dea57a5fd0e67f7d08de0fb9828c 1486882371 -----sp;2017-02-12
SYNCOPE-641;5;commit 8671ee51e7ab2abe77208725c8cadca936f3ea18 1423840335 -----sp;2015-02-13
SYNCOPE-921;1;commit 577d0577447c341362fcce075c492b5be4e18e3a 1471008999 -----sp;2016-08-12
SYNCOPE-598;1;commit 4d264368ed1df29e13690e9c6b05b651a366f273 1415263573 -----sp;2014-11-06
SYNCOPE-792;1;commit e90fa814e8df525d1d4c0323f1f543610c9149d2 1459521228 -----sp;2016-04-01
SYNCOPE-21;2;commit 606e32ec4f8c3e184dc58702862516705a71a0ad 1331907430 -----sp;2012-03-16
SYNCOPE-183;1;commit f95ad4f11d6d9880d2dd44799c7880402bc50a36 1345035207 -----sp;2012-08-15
SYNCOPE-433;2;commit 1fa232ccb536915f1b37c30325392000bf666f95 1383837713 -----sp;2013-11-07
SYNCOPE-341;1;commit 0438111af1088172eeb05c61d571dae2b80406b1 1363960504 -----sp;2013-03-22
SYNCOPE-1151;2;commit 8d2d9edc5af8b1017731c1c711f9e3b934f2896f 1500030335 -----sp;2017-07-14
SYNCOPE-1649;1;commit f62714915fc141118b043bd56087468b64b470a7 1636552404 -----sp;2021-11-10
SYNCOPE-1089;1;commit 5d1a0f00edc651d4a37e80ddd9a1bc1b24736e50 1495474581 -----sp;2017-05-22
SYNCOPE-899;1;commit 03c47ef4189163bd6acf0d4f030252d0e6ac1373 1468834014 -----sp;2016-07-18
SYNCOPE-940;1;commit 7b9f9758fa4e2ece4d3cd4be6bc18dde684a91a4 1475225558 -----sp;2016-09-30
SYNCOPE-1012;1;commit 93cbe3fb003f938ba8fd6227cf780b8ae593422f 1486886775 -----sp;2017-02-12
SYNCOPE-342;1;commit 972812f69d456c13320e02618c03f0f7a77c0dd7 1363950809 -----sp;2013-03-22
SYNCOPE-1027;1;commit f46891466bc516551b62e284108af357012b7052 1488282267 -----sp;2017-02-28
SYNCOPE-1205;1;commit 252285a8c9a0abef28338db22208d0ef79739d77 1506689033 -----sp;2017-09-29
SYNCOPE-578;1;commit f44df5bfdf83112b5ecfa033a3710495e03df151 1414686047 -----sp;2014-10-30
SYNCOPE-1179;1;commit 2b4053df14d74e47c55ced76b713fc1baba0abda 1501249803 -----sp;2017-07-28
SYNCOPE-1656;2;commit cc7f2f66b21479f76f632dc24eccc4c5d7c6868b 1647521612 -----sp;2022-03-17
SYNCOPE-1246;1;commit 76c1140167e59386ad2854ffc7f5ba00fc21e503 1513266065 -----sp;2017-12-14
SYNCOPE-328;1;commit 621b948de0f62a2f55b7d8275ebf967931146d6a 1362497696 -----sp;2013-03-05
SYNCOPE-43;1;commit 798658d69465569a74eed6c727b9d05fde136c28 1332153588 -----sp;2012-03-19
SYNCOPE-1002;1;commit e06281c09a294275ead6dbd3a0c3775094df860c 1485364770 -----sp;2017-01-25
SYNCOPE-321;1;commit 6d4731d943f02d60565a98be1713bfadf9799898 1361463976 -----sp;2013-02-21
SYNCOPE-1346;1;commit ae058846238567128f1ff4969e5f8709750c35ae 1532677195 -----sp;2018-07-27
SYNCOPE-1457;2;commit 43aafa5b5c0afb64a46f3c9ecd806c8ce1607c0c 1554725494 -----sp;2019-04-08
SYNCOPE-310;2;commit 9ffda20d58ceac302d130634602a4fcd8a1cc9be 1361373944 -----sp;2013-02-20
SYNCOPE-334;1;commit 14ec17ba6b6f84021606a027737aef2a60d1159f 1362402979 -----sp;2013-03-04
SYNCOPE-458;1;commit 9fcaab6afb4f253937f65c2b470ce37b775e6e24 1402393554 -----sp;2014-06-10
SYNCOPE-554;1;commit 54f129513b898df2261f25a5b57e636d0604be90 1414055981 -----sp;2014-10-23
SYNCOPE-490;1;commit 067b6ba262293b6f58a7340e9cac17d6e7109682 1399553361 -----sp;2014-05-08
SYNCOPE-1406;1;commit 34de818e2d7b55c3a50150283cbe320df307d526 1543838462 -----sp;2018-12-03
SYNCOPE-418;3;commit f6bbf957ab7f69d35785ee7dd4a3e3a6ccb42be9 1379685298 -----sp;2013-09-20
SYNCOPE-1039;1;commit bfcac4bbd4a8007ee2df3bf4c61e667c2d1215b2 1488885339 -----sp;2017-03-07
SYNCOPE-1046;1;commit af37b2ba93809d61fd0b65ef6f106c4e5f281ecf 1489490518 -----sp;2017-03-14
SYNCOPE-576;1;commit 8fc6e9e542266dbdcf04d8db5bcbbe6ea7d9385e 1414683955 -----sp;2014-10-30
SYNCOPE-474;1;commit b63ce558de2acc5577e643c944fca79f11ae3b12 1389283034 -----sp;2014-01-09
SYNCOPE-875;1;commit 9042203d7f2c976596d271c73cf9765f17a498a0 1466678859 -----sp;2016-06-23
SYNCOPE-1149;3;commit d4cd448427ea2a147296159fd70712ead0a42a69 1499329972 -----sp;2017-07-06
SYNCOPE-1450;1;commit b723ee53ebeeabd4e510ff7593b87cf167e5aaf9 1552396683 -----sp;2019-03-12
SYNCOPE-1140;1;commit a7b54fa78606005a469f98758199f82212bb41bc 1499782424 -----sp;2017-07-11
SYNCOPE-1301;1;commit 24f789932141ee05fa12d81eca9d43178953f508 1523604323 -----sp;2018-04-13
SYNCOPE-644;2;commit 4b8b58b867572dbadf2240e337e62f7a6ce9f554 1424267813 -----sp;2015-02-18
SYNCOPE-1125;2;commit b4713c15f9ea28bb108ee2e82d986a8011586c43 1498660801 -----sp;2017-06-28
SYNCOPE-1321;1;commit f888913d14f8c1dd82d2ef553a07015c77a14770 1529499268 -----sp;2018-06-20
SYNCOPE-613;1;commit 9b429b287604e6bf6763dc6c65a61502ad333116 1418305193 -----sp;2014-12-11
SYNCOPE-1356;1;commit 842a0fb9d8a1c8f5a1dd4e5259b56dc8af3cf7a3 1534418799 -----sp;2018-08-16
SYNCOPE-907;1;commit aeb3aac81cd1d8a5a12f9fc74050228d380233e0 1469436595 -----sp;2016-07-25
SYNCOPE-1069;2;commit 51ae1d5ef0e1055f9789cc36bd85bbf28cd6413f 1492700147 -----sp;2017-04-20
SYNCOPE-454;2;commit 8c4a227edd50fa0e35dbc77038a7ca2a6a35b3ee 1386171254 -----sp;2013-12-04
SYNCOPE-498;1;commit 316eca74d0fc08548d1199fbe2f49325ca84d866 1401806931 -----sp;2014-06-03
SYNCOPE-1437;1;commit f3db2f09a6c3814e2b797856f25664a59bfbed34 1550659311 -----sp;2019-02-20
SYNCOPE-1365;1;commit 1068667e90c41cb75d5a508d43f953294646c1b6 1536151742 -----sp;2018-09-05
SYNCOPE-953;1;commit 8f59258cc3b740ae4c67d4840916958e4de351a6 1475162817 -----sp;2016-09-29
SYNCOPE-1188;1;commit 0d93a3a5bba32a9a544eaea12df72b2d165c51f8 1502188842 -----sp;2017-08-08
SYNCOPE-357;2;commit 26ab48865ae7cdbf5860130d76c1fe7391bb72d4 1366816813 -----sp;2013-04-24
SYNCOPE-1354;1;commit fa27b90c5d180d27fcea60020ca55f729dab2b9e 1534165992 -----sp;2018-08-13
SYNCOPE-97;1;commit 034b1aa52174d1f3dc371f69bf640f057e740ded 1340267073 -----sp;2012-06-21
SYNCOPE-368;2;commit 79dd23cfc384ebbc5fc656206d1aa583a82aaf05 1367234530 -----sp;2013-04-29
SYNCOPE-1347;1;commit d2ff6e4a44c660c9c9c91524c91eaad5dfe2d473 1533050226 -----sp;2018-07-31
SYNCOPE-92;2;commit 1969e756c44b3eb2d876e9dfa349962274bdb42c 1339168553 -----sp;2012-06-08
SYNCOPE-1070;1;commit 16029366613c0534ea77828bec02c7cd607fb223 1492772665 -----sp;2017-04-21
SYNCOPE-8;1;commit 206e754bec8169cc6c77e98f1535c499717634e0 1330343210 -----sp;2012-02-27
SYNCOPE-1477;1;commit 0ec02b209814446e8e254a3222649de5c1111097 1559742273 -----sp;2019-06-05
SYNCOPE-339;1;commit aa9cd6b9da825787821443345ff58fc2182fa2f6 1363706442 -----sp;2013-03-19
SYNCOPE-1371;1;commit b8d40101e6b7db1e52c1fe60fae1cca5bfefbbc3 1536837527 -----sp;2018-09-13
SYNCOPE-1358;1;commit ae8fef040c02836b442212bef8f59ecdeed90da5 1534425091 -----sp;2018-08-16
SYNCOPE-234;1;commit 9f733f56df217d091b9902d3973b6e08e8922720 1352148710 -----sp;2012-11-05
SYNCOPE-1333;3;commit 2c3754b2c195e414dd1c6c28604a6a94b635fed2 1531218268 -----sp;2018-07-10
SYNCOPE-603;1;commit 972f5dba12c00012cd1fb23b0f3900c2a742cee5 1415349303 -----sp;2014-11-07
SYNCOPE-1660;1;commit b1d11bd9f1e7a9e8a5f836376879e22cec07fae0 1643296076 -----sp;2022-01-27
SYNCOPE-1478;1;commit 3d9fa5874a30a947d22f91bd897c908f2d9f71a2 1568196843 -----sp;2019-09-11
SYNCOPE-318;1;commit 3fb90f478fbc16b061f078d94b8ae028d87b084b 1361975910 -----sp;2013-02-27
SYNCOPE-1742;1;commit 4b95adcb6402bc6d5f52c4e7cd019b4656dd06b3 1679067114 -----sp;2023-03-17
SYNCOPE-1605;1;commit 44db3ed2b914b7b2cedff8c34c7f2ef817e432a1 1606897459 -----sp;2020-12-02
SYNCOPE-323;1;commit da93d10e824868d652dbbd647253e60e4cf4e07e 1361550679 -----sp;2013-02-22
SYNCOPE-475;2;commit 6cba7826c7d7866179237c1236d5eae8e7652828 1389280915 -----sp;2014-01-09
SYNCOPE-901;1;commit c1c7cede8c464bfc29d0209350664ea9266eaec4 1468850405 -----sp;2016-07-18
SYNCOPE-1099;1;commit ca0fcf1b728c9c6937b55fd0a8bead1d91d3edb4 1495802295 -----sp;2017-05-26
SYNCOPE-933;1;commit 35ae16a9cd8d1bb890a274e9190bfc66cec81105 1473340680 -----sp;2016-09-08
SYNCOPE-1628;2;commit 04c8bd32425107209267c66b57774f91e5354723 1618398878 -----sp;2021-04-14
SYNCOPE-1229;1;commit 4434d414511f9b730616dca0384d71321df971f5 1510734553 -----sp;2017-11-15
SYNCOPE-349;3;commit b41540a30aef6db0dfec2dbb36fc77b1f50ab73d 1387528422 -----sp;2013-12-20
SYNCOPE-1357;1;commit ea6054a89245ebbe6c26e4ffbf2744800166e977 1534418796 -----sp;2018-08-16
SYNCOPE-569;1;commit abfb80507484e0de6815a04e4a84e9e060888b72 1413537949 -----sp;2014-10-17
SYNCOPE-320;1;commit 474f4f6ec2fc7177119014dffdc2c6d0b78ce083 1361371461 -----sp;2013-02-20
SYNCOPE-1634;1;commit 1a7229230e6e058cbc2152530491e8c98fc5f433 1621353255 -----sp;2021-05-18
SYNCOPE-1671;1;commit a99183dcc6fc228a11e31f5e5bad35e1682bf37a 1649234744 -----sp;2022-04-06
SYNCOPE-1232;1;commit cd731aa1b81664539bc7f818d6e111ad4e697d1a 1509633381 -----sp;2017-11-02
SYNCOPE-811;1;commit 45bfdf7de9e7d0a17d2d59ce43be05ca3c94b968 1459770669 -----sp;2016-04-04
SYNCOPE-1484;1;commit ac69701ffa8de228575349c28396f6113849ffeb 1567510442 -----sp;2019-09-03
SYNCOPE-375;2;commit f1a6ec238161db4f3637bc1bf9fb894ee8167b17 1369810414 -----sp;2013-05-29
SYNCOPE-312;2;commit a9b3526e9de3e27baee367bfb7986f96f976e940 1360946491 -----sp;2013-02-15
SYNCOPE-1390;1;commit 2a5ebc988df1d1717835f0195e479736791abf91 1541153007 -----sp;2018-11-02
SYNCOPE-332;1;commit 2a53b46e56df3010c68334846bb8323a7d5d4e94 1362412371 -----sp;2013-03-04
SYNCOPE-1223;1;commit 761d1045e5d0ce147271f1780b15d635117e056a 1507811238 -----sp;2017-10-12
SYNCOPE-865;2;commit bb0be0902e8a81d8c8896ef4aa55e1515bfc0559 1466408027 -----sp;2016-06-20
SYNCOPE-1044;1;commit a0ffad75eeb166590f05f2d80d043c56b620023c 1489420164 -----sp;2017-03-13
SYNCOPE-1251;1;commit 265b2a7d7b72634716c58be8d9890a0244888367 1513256903 -----sp;2017-12-14
SYNCOPE-738;4;commit 35e35661e594900a66a83e8e47e5b010fe26b8a1 1473082869 -----sp;2016-09-05
SYNCOPE-292;2;commit dc2a9e22ea07f92f32a10b2b3413fc845b28af21 1359389156 -----sp;2013-01-28
SYNCOPE-1360;1;commit 4fec32be0708252585f4cbfbc9dd25b5670d37ff 1535988494 -----sp;2018-09-03
SYNCOPE-905;1;commit 3f279cd7b836c5d786ed21f5f400ab5d315a55f2 1470734090 -----sp;2016-08-09
SYNCOPE-329;1;commit 4f0cb18b7c777dd41aa8205211a72b6cc217b8d6 1363353299 -----sp;2013-03-15
SYNCOPE-370;2;commit 561a8c64f6810a81e941342106ac8b4afc51404c 1372749217 -----sp;2013-07-02
SYNCOPE-936;1;commit a9c4d58380f1d4ef0f98fd00c388f31c51a34135 1473324031 -----sp;2016-09-08
SYNCOPE-1487;1;commit b8a1d39ae8fdd12a76a9a68695092b4ecb25c282 1568120149 -----sp;2019-09-10
SYNCOPE-1108;1;commit 9f979f6aa9f98b7fb79fd4bbf300f55aff661ff3 1497362523 -----sp;2017-06-13
SYNCOPE-780;1;commit 45c76fb0878f23d95a123185b897deae41c234d4 1458566630 -----sp;2016-03-21
SYNCOPE-1233;1;commit 3e7fe07fa39e497353d030debe6eb5a7fe1dee11 1510330808 -----sp;2017-11-10
SYNCOPE-1425;1;commit 39b760fa11d662951ddbdf78e5d9836e7fe3cfb0 1547734731 -----sp;2019-01-17
SYNCOPE-993;1;commit c12a546007c48616a304c110fbd25d9ff0527118 1484581191 -----sp;2017-01-16
SYNCOPE-1215;1;commit e7656e11b4125f33d7fb9cde0db31288b653582f 1506591700 -----sp;2017-09-28
SYNCOPE-560;2;commit 36425c3974541f8c4b5a6398e272e55ffc638c3b 1412670925 -----sp;2014-10-07
SYNCOPE-1474;1;commit 21d43a3014db1403c6486bb66748f9204c5a2ad9 1568194608 -----sp;2019-09-11
SYNCOPE-1203;1;commit faba42e2ff3fb725bd05205e5c8b22930e8af7a1 1504598673 -----sp;2017-09-05
SYNCOPE-1485;1;commit 052d10c4dc38163a488b395ceb7ebd3dd971aa4e 1567599836 -----sp;2019-09-04
SYNCOPE-684;2;commit fe7fa1324dd1ae2815c0161a0c39cfc4e9c8ba97 1437641740 -----sp;2015-07-23
SYNCOPE-1428;1;commit 9f3b3e39f820d6d1445206e77323b5140d744179 1548429900 -----sp;2019-01-25
SYNCOPE-557;2;commit 421a4e01a311343dd43ee41d81fdcdf7cdd36104 1412669651 -----sp;2014-10-07
SYNCOPE-327;5;commit a6aca3dfe827658d99523012c3c35ac13d4c5d11 1362154936 -----sp;2013-03-01
SYNCOPE-737;1;commit b0417d7c3d45f2e0e2752ac4acb26af42f0e6b31 1461759953 -----sp;2016-04-27
SYNCOPE-783;1;commit af21e80106538f12c0c0ed2e2b94bf3344823f9c 1463151758 -----sp;2016-05-13
SYNCOPE-30;1;commit 28477954869e9513477f6b2ebdd262d3ca1b9c6a 1331217219 -----sp;2012-03-08
SYNCOPE-625;1;commit 069b56f92aee2cfc79c326993ac8bf894bb07b04 1420452456 -----sp;2015-01-05
SYNCOPE-884;2;commit a0fa197bc9190a1d640bc87aa1263dd4a3637cdd 1467294844 -----sp;2016-06-30
SYNCOPE-608;1;commit 577f98e498a21fcaa355b65754ce5428d5e3db21 1416395042 -----sp;2014-11-19
SYNCOPE-58;1;commit 345a73dba31e26d016d1a5f591205f906a963216 1334651196 -----sp;2012-04-17
SYNCOPE-934;1;commit f6ba895c233d256674074bed3a727cad579c25f9 1473261455 -----sp;2016-09-07
SYNCOPE-987;3;commit 5b00c8c8cd59df96ac34f3a7495b9b396891a1cc 1483099105 -----sp;2016-12-30
SYNCOPE-33;1;commit f67a07273731bf1314932834b72cee587584a1c7 1331301356 -----sp;2012-03-09
SYNCOPE-1226;1;commit c6847708ca13e94c5b0b9f9d974c380fc2cd7e90 1511779508 -----sp;2017-11-27
SYNCOPE-1735;1;commit df0818aa20e1ac821dd04db0d63348b439a9f5da 1677234611 -----sp;2023-02-24
SYNCOPE-1447;1;commit 2bae7c4f54afa85ef3c4c151ba1106fc986f26c4 1552316166 -----sp;2019-03-11
SYNCOPE-1206;1;commit 5295039bb5443114822d288635589f8b24b43609 1504878114 -----sp;2017-09-08
SYNCOPE-1388;1;commit 01e32d2d0ad7a9f171440dcf369da6a8f72a7d4b 1540918677 -----sp;2018-10-30
SYNCOPE-309;2;commit eb4f73b6ba5b4b96a26e06b65ad7930b641ac94c 1361800560 -----sp;2013-02-25
SYNCOPE-1442;1;commit 141edff18d7bca4ca681bd0c5bb0fd52f79b7f7a 1551686268 -----sp;2019-03-04
SYNCOPE-455;2;commit 0e2dfae7c29c375e22427df4655bc102a0808f0a 1386157608 -----sp;2013-12-04
SYNCOPE-399;2;commit 9d01f95ffdf2ce861b5b8c166d210fea0329b5c9 1372947722 -----sp;2013-07-04
SYNCOPE-1561;1;commit ec10c7b4249515faee7614c8affe4c60f1cf08fb 1589355892 -----sp;2020-05-13
SYNCOPE-114;1;commit 7c8c6cba48023dc2c56d4d9412d45b0ae27aca63 1342779636 -----sp;2012-07-20
SYNCOPE-75;1;commit f58fd03305b91bd434e3a7c85a70b3eab470be3f 1336048409 -----sp;2012-05-03
SYNCOPE-371;2;commit 727fb9dece0d7aa789663a5acc762cbc80623e2f 1369132342 -----sp;2013-05-21
SYNCOPE-527;1;commit e1c6977bcb861365d8dbd56215d22c5338373461 1404393223 -----sp;2014-07-03
SYNCOPE-32;2;commit 651f968c7a7cbd18828749eda15000b3a72f689e 1331633755 -----sp;2012-03-13
SYNCOPE-1654;1;commit e6dc5e8d79b58d50a760c70f55f9c6e4ae0b7a8b 1638179405 -----sp;2021-11-29
SYNCOPE-1081;3;commit 7e0d6775047d2bf66fa9978f4a5385ab3f5b45fb 1495807453 -----sp;2017-05-26
SYNCOPE-1217;1;commit 436153b3a0c3d4421b33288263c09521e51eee71 1507118775 -----sp;2017-10-04
SYNCOPE-756;1;commit 02abafa83422c5b657129dd587610556a0d8623a 1453479390 -----sp;2016-01-22
SYNCOPE-689;2;commit 8a1abd4e7c8dd70b01dbbc050f6b5fe680ae7554 1441191086 -----sp;2015-09-02
SYNCOPE-812;2;commit 6dd1757b3ef536f56016693a320c5898084a9e1e 1458836394 -----sp;2016-03-24
SYNCOPE-1163;1;commit 020a35c64aecb0afcda336bae815c4d3605aed22 1500016063 -----sp;2017-07-14
SYNCOPE-1373;1;commit 382f3f4b9f00a14f66ca52c7ae73f318b151fe4e 1537441108 -----sp;2018-09-20
SYNCOPE-453;1;commit 452ec8e6e6e83f29aa4bd4c4c54dbfc172b28130 1386082449 -----sp;2013-12-03
SYNCOPE-82;1;commit e0f9eb0a0f8a61bd8c64af9aa9f844c60a1c16bc 1336476673 -----sp;2012-05-08
SYNCOPE-813;1;commit 762178b15fb3555c58813ede0caa87d9740f9064 1458836394 -----sp;2016-03-24
SYNCOPE-11;1;commit 88e7f6e1ea6eaa7bc9e65a784860ae83165110dd 1330522601 -----sp;2012-02-29
SYNCOPE-994;2;commit ef65d83cf867044f0b859e8691728cefcd3f651f 1484912286 -----sp;2017-01-20
SYNCOPE-1326;1;commit 6a9d557545eb9e35910af4cc32668f649b61cdbe 1529680914 -----sp;2018-06-22
SYNCOPE-677;1;commit 22c91a79422831acd8007a2a17c85f7d27c9445c 1436342425 -----sp;2015-07-08
SYNCOPE-656;2;commit f76826f6e521aa7ca227fdbe135f3a6771161eab 1427960913 -----sp;2015-04-02
SYNCOPE-1082;2;commit 36b786c041523de3779c7bb64fad1679e7c8db7e 1495720386 -----sp;2017-05-25
SYNCOPE-597;1;commit 15ac9a5c72788335d4079ea5302fcaf7be8345bf 1414602386 -----sp;2014-10-29
SYNCOPE-72;1;commit f342461ada5db3cd86d444ce755a8f5ad5dc7d11 1335800522 -----sp;2012-04-30
SYNCOPE-354;2;commit adad7f32f34e4747a4da4545bf043b5ae7dcd456 1366810244 -----sp;2013-04-24
SYNCOPE-774;1;commit 3c19e35153170af40169fd1d42bcc2551dc73190 1457712713 -----sp;2016-03-11
SYNCOPE-1266;2;commit f278a97a2935bcc982881483aa3cba005d94de88 1517327524 -----sp;2018-01-30
SYNCOPE-1454;1;commit 289aeb35eed92e2cd5e9ce1b20af52d8a6620609 1554200501 -----sp;2019-04-02
SYNCOPE-1045;1;commit 750c789aa2e79559ce0f5f875082473c11be8153 1489479623 -----sp;2017-03-14
SYNCOPE-515;1;commit cbe082a2ebf17cb5ebf0f4be93cca1eda5b80446 1403615853 -----sp;2014-06-24
SYNCOPE-1472;1;commit 4589bf1deec0b6408bf4cb26c60be923c66f782a 1558451399 -----sp;2019-05-21
SYNCOPE-759;1;commit 95709c9bd23e28e0564f93d663de313c4c35caf1 1453481065 -----sp;2016-01-22
SYNCOPE-284;1;commit 36a2b0bd551954d0364b279ddf50c541142904ee 1359997062 -----sp;2013-02-04
SYNCOPE-365;1;commit 062d95c120c7ae0e3b727558e307dc462c22866c 1366818089 -----sp;2013-04-24
SYNCOPE-1404;1;commit cb6ca74b20e7a80a80d033a0c32e4b9bdfb33861 1543396848 -----sp;2018-11-28
SYNCOPE-1430;2;commit 0e45c389c7c7f5108a62efafe36ded422fc664bd 1548832170 -----sp;2019-01-30
SYNCOPE-975;1;commit d4b49cd95f6caf2710fd54dfba475795b0924311 1480143150 -----sp;2016-11-26
SYNCOPE-1294;1;commit 95ee2ffe810336f3bf785e2d231fa15e71630919 1522856882 -----sp;2018-04-04
SYNCOPE-364;2;commit 87a4c00cfb48fa7b22ca89449cfcdaaeefaec5c7 1366384443 -----sp;2013-04-19
SYNCOPE-1640;1;commit 8a2ef9f3d26c988d7189d01aed5f067b74e24f06 1628964357 -----sp;2021-08-14
SYNCOPE-18;1;commit 9ba31b2eefd37f1055020ea38cd58551a5303990 1331656646 -----sp;2012-03-13
SYNCOPE-1247;1;commit 814fe4ae659b7c30137d87c83ac5cc2a50fae8fb 1513345969 -----sp;2017-12-15
SYNCOPE-1339;1;commit 0dcef9eb4dd040eddad846d8bc8b9b5d578d20b4 1533742616 -----sp;2018-08-08
SYNCOPE-1734;1;commit 60d33e9c1b655d9d59da3f3bf4bdcfb4dba6d7cc 1677223716 -----sp;2023-02-24
SYNCOPE-1112;2;commit 71e676b3869f646805c8595ec00c96ebb59f16b6 1497881867 -----sp;2017-06-19
SYNCOPE-1376;1;commit 887349382d460e1fb3096650e5a56317cdd82c1e 1538749440 -----sp;2018-10-05
SYNCOPE-549;2;commit 0edddeafc46e7e52d85685a2f2486b0d9a95ab1f 1410881705 -----sp;2014-09-16
SYNCOPE-1078;1;commit b34ff3f7e52567eb5a8506e500ed38e8bd1592cb 1494335812 -----sp;2017-05-09
SYNCOPE-101;1;commit 8e85c2ae4ab142307eb646714c53deeb6f7f68ea 1340805482 -----sp;2012-06-27
SYNCOPE-539;2;commit 35a8dbef89f0099c0d20614e3295bd6d32b51c57 1407318760 -----sp;2014-08-06
SYNCOPE-1135;1;commit fedae9c765091c278026e84fa998c029578ab674 1498749997 -----sp;2017-06-29
SYNCOPE-1408;3;commit eaf70b1fbec40958ab917da88ff0797bd4abe09f 1547473255 -----sp;2019-01-14
SYNCOPE-617;1;commit 7c0a5efc146035b5fb75a653d744b097f4ff3712 1419258683 -----sp;2014-12-22
SYNCOPE-1314;1;commit ba2f7fbdcf64cd826dfbc28b91b3282d7c83dc69 1527157655 -----sp;2018-05-24
SYNCOPE-1330;1;commit c09def901e2eef9dfe6cd598c3c561c839814f42 1530524776 -----sp;2018-07-02
SYNCOPE-1604;1;commit 492f2807adcae9ce24ebaaab51cb3c0b934cbea8 1606318185 -----sp;2020-11-25
SYNCOPE-1431;1;commit 58976e0280a4e47584d0f9cb8235676c92851d02 1549383968 -----sp;2019-02-05
SYNCOPE-436;3;commit 1ac7ccc16f2210c5552bc2c2ac97d85545400cf6 1384792825 -----sp;2013-11-18
SYNCOPE-729;2;commit 9da95172a5eadfe9ffcd021ccc4ba8b00a0a9ace 1447178628 -----sp;2015-11-10
SYNCOPE-106;1;commit 561ba1cd2ef872895a64c9f6909ccee04c33568b 1341582933 -----sp;2012-07-06
SYNCOPE-1133;1;commit 653afac686cc10a13bdd191b807b8f90e0b84e25 1498659859 -----sp;2017-06-28
SYNCOPE-923;1;commit 85807bc5f8fe07f0ead635c1e1afc2b11708ef15 1471948252 -----sp;2016-08-23
SYNCOPE-1362;1;commit d5e73caeebdf5c772ebfd5da958b380c1ec6fd5c 1536129415 -----sp;2018-09-05
SYNCOPE-1075;1;commit 018fa9771adee2788be0ba3357c31cdc5da17cba 1493992117 -----sp;2017-05-05
SYNCOPE-514;1;commit 59ba01e7a9873228605dcb68335fb2a00a752398 1403708627 -----sp;2014-06-25
SYNCOPE-94;1;commit fcdf9425cb7167bd17b41833a2883c723779d6f8 1339512839 -----sp;2012-06-12
SYNCOPE-1293;1;commit a8ae113d902e33ba27e03dd5d250187868f45c41 1522916246 -----sp;2018-04-05
SYNCOPE-571;1;commit ad6f31b29bb59d717262932b4ba0712684bb496a 1413993284 -----sp;2014-10-22
SYNCOPE-568;3;commit 2820eb2544e2bb31bcd623847a2aac746f8dfae6 1413547418 -----sp;2014-10-17
SYNCOPE-1635;1;commit 1915c685709551e3cea1452afc1d8f67bb15e18e 1621569385 -----sp;2021-05-21
SYNCOPE-1025;1;commit 2fb13a27fbd2c716c583458ca19168820022bdb8 1487865980 -----sp;2017-02-23
SYNCOPE-1533;2;commit 5ee66e116e8cd6a49ba94b0086d0b5ccf74986a2 1579073929 -----sp;2020-01-15
SYNCOPE-1704;1;commit fffdd3a048b29d98e80c0f0bbb468c35801153f1 1666795006 -----sp;2022-10-26
SYNCOPE-1607;1;commit 44ae5f248548a350fe693ccef1563d67bdcd37f3 1610119272 -----sp;2021-01-08
SYNCOPE-325;1;commit 10182b41907082966302880aacb9350d0d957566 1361786876 -----sp;2013-02-25
SYNCOPE-1265;1;commit 78af1481312217b78cb41bd1dc292c6e25324c23 1517240381 -----sp;2018-01-29
SYNCOPE-801;1;commit daecdbbc02f6b9011b8b3e721d6c8ec89abf9169 1461316845 -----sp;2016-04-22
SYNCOPE-384;2;commit 6930e5c48beb2e2719062a12e0f66ae62bf01016 1370008130 -----sp;2013-05-31
SYNCOPE-1536;1;commit 628060a9d53b4bfcde79ca7891f152ec0e76fdbd 1580203974 -----sp;2020-01-28
SYNCOPE-615;1;commit 20bfa942ab1b07bef4002a160742ee5b47617204 1418382918 -----sp;2014-12-12
SYNCOPE-596;1;commit a23ef02f2c672c009eb664e8fe91f9ae07e82adb 1414503157 -----sp;2014-10-28
SYNCOPE-886;1;commit c54adf5ce25d7a4de93a0805b639b25ba83eb34b 1467387235 -----sp;2016-07-01
SYNCOPE-883;1;commit 6f5bd3724d7fc0d81f5eb828e923302598bdd2a6 1467298934 -----sp;2016-06-30
SYNCOPE-561;2;commit 1f9af45636a7b2b147d82b9acb374340a9f694ec 1412674827 -----sp;2014-10-07
SYNCOPE-1062;1;commit f0e0199fc70774bcab8e2bfb0304cf0a05d15728 1491481921 -----sp;2017-04-06
SYNCOPE-1736;1;commit 3e1619216e447ed8b3411f41f00bc7e670214959 1677913502 -----sp;2023-03-04
SYNCOPE-669;2;commit d19133ef55221978395a1a933c03a8ba91018f12 1432220997 -----sp;2015-05-21
SYNCOPE-1306;1;commit c0e2aedef5360101a78fb0932c7ea16fc2ae3c8b 1524742228 -----sp;2018-04-26
SYNCOPE-1309;1;commit 057d13fb694c3e2178f2d960e9f33d3eb4ef2196 1527586834 -----sp;2018-05-29
SYNCOPE-456;1;commit f9aef233e493e3ed47f9011ede1b94441272c9f9 1386057190 -----sp;2013-12-03
SYNCOPE-1275;1;commit 0ee44d88c519da839d0310bc6c1d74d9376054fc 1519214254 -----sp;2018-02-21
SYNCOPE-1690;1;commit 703803cc8ed2fc721a5e6c080ed231b9d1bce2d9 1657794971 -----sp;2022-07-14
SYNCOPE-607;1;commit cd2d63984e6825427730babbee1e6d6b65a3835a 1416388331 -----sp;2014-11-19
SYNCOPE-1560;5;commit 813625713812587eb683205cc8e5d036ccda08ff 1589897145 -----sp;2020-05-19
SYNCOPE-356;2;commit 8bb662cbdafd618e1f9536b01afcd141c73862be 1366019025 -----sp;2013-04-15
SYNCOPE-1512;1;commit dea9c22f4c88a7d8cc1f1abf87be40dd0383b647 1574521033 -----sp;2019-11-23
SYNCOPE-915;1;commit 0910230d04aaf0ba69be675b29d5c1d2cd3390ba 1470833958 -----sp;2016-08-10
SYNCOPE-358;3;commit 132365ba6bac7c91df5100952a029325b19e78d8 1366027549 -----sp;2013-04-15
SYNCOPE-437;2;commit 43ffb320a49416a2a052536bebb52f4ebb646619 1384344338 -----sp;2013-11-13
SYNCOPE-1037;1;commit 16020a557ad314d9034712f4bed8d13b90921166 1488546042 -----sp;2017-03-03
SYNCOPE-900;1;commit b1f7576868c528093c8d28168bedda8ba92738f9 1468241410 -----sp;2016-07-11
SYNCOPE-1139;1;commit c86fb4e637120f7c3b71d9f70d29935eb55807e8 1499169835 -----sp;2017-07-04
SYNCOPE-762;1;commit 5c53413463eb19c2f7fe128d58bcaebf5de1d57f 1454419873 -----sp;2016-02-02
SYNCOPE-16;1;commit 0a5bb7c528e9a8caf6df78834d259c8c7275add2 1330614564 -----sp;2012-03-01
SYNCOPE-1207;2;commit 220a9464233cd9872ba6763fdf6f4fdf867d2581 1505731361 -----sp;2017-09-18
SYNCOPE-27;1;commit dd02660c060fac2fe5b668394c34a73f9714452d 1331132277 -----sp;2012-03-07
SYNCOPE-639;2;commit 21ada50208145c4561978dfdaf82158a6ad2b793 1423841011 -----sp;2015-02-13
SYNCOPE-1030;1;commit d0dc9b35f8e901c692c6df8b3016fd2384d94d62 1488205145 -----sp;2017-02-27
SYNCOPE-935;1;commit bbee3af7676bf566554bfb429191002890d1b577 1473245745 -----sp;2016-09-07
SYNCOPE-867;1;commit 1389a93766e99f473704719b0e6c03353626fcb2 1465215755 -----sp;2016-06-06
SYNCOPE-99;1;commit d5ca7e9a2357377821e09a4cb361541a2c171dbe 1340275027 -----sp;2012-06-21
SYNCOPE-1250;2;commit 3df09968936118ce9a36ac438a8d0a6bf498990b 1513165107 -----sp;2017-12-13
SYNCOPE-688;2;commit f29fd4eb86d112c724f02d457abec124c46142ae 1441371088 -----sp;2015-09-04
SYNCOPE-992;1;commit b30099b68ca105d097c261651b1a255de184556e 1484304684 -----sp;2017-01-13
SYNCOPE-1727;1;commit f2fa9d243b99f798bfd02ca87fc93e4f7627fc32 1675507210 -----sp;2023-02-04
SYNCOPE-1222;1;commit df35f9ca9009a3a51f43d9d8643c73b80162cfde 1507723467 -----sp;2017-10-11
SYNCOPE-1033;1;commit 2d4aee40f67069f0ef6254dcb98dea0fd2d22074 1487931890 -----sp;2017-02-24
SYNCOPE-845;2;commit 4c053fd24a45e7a8a8b00cd5bc30d98f6d6900b8 1466172304 -----sp;2016-06-17
SYNCOPE-979;1;commit db06951074ce82882bdc6bab9829f8bc60de221f 1480691826 -----sp;2016-12-02
SYNCOPE-1170;1;commit b88a7565f964d476f4626efc722b49d551c2eaaf 1501513323 -----sp;2017-07-31
SYNCOPE-1366;1;commit d5ac346976dfbfacb2d0e5aa4d6c604c11e90995 1536154127 -----sp;2018-09-05
SYNCOPE-918;1;commit 729de516b9dd0c86fb1b481a37e6b11c0492abf0 1470664087 -----sp;2016-08-08
SYNCOPE-501;3;commit e62398514bb634138aab4a18d62efe36dcaca2ff 1402996969 -----sp;2014-06-17
SYNCOPE-844;1;commit ecc062ca56d9875b2869f35a9917f52295f65ea5 1463154940 -----sp;2016-05-13
SYNCOPE-37;1;commit 3073ce6c89130e336e887435e1b2e2f1e7c73411 1331920207 -----sp;2012-03-16
SYNCOPE-41;2;commit dec2bc9922d02612f5777f63068d6b72219d4a3e 1333468640 -----sp;2012-04-03
SYNCOPE-531;4;commit 81ad48c8301c89576d7e04e945ed1b8939626067 1404723270 -----sp;2014-07-07
SYNCOPE-990;1;commit e44e5534009b8da9f7bda899b16a11340cff8293 1484045421 -----sp;2017-01-10
SYNCOPE-611;1;commit e414b79bead9bfc4044a8a8dde6a95b1855cf354 1417195084 -----sp;2014-11-28
SYNCOPE-1;1;commit 2a8d0486d0388ea83e88775aaaa5980d55668e92 1329842186 -----sp;2012-02-21
SYNCOPE-1438;1;commit bb33bd185e5fef973942e3254839f4a83257dfa3 1550659866 -----sp;2019-02-20
SYNCOPE-1651;1;commit 615bbec2fe069f1cf813648ebb126a721e80d0e5 1637748149 -----sp;2021-11-24
SYNCOPE-353;2;commit f9c5e26ef08dc852ac861835b3bdd7e983a55cd0 1365511983 -----sp;2013-04-09
SYNCOPE-1261;1;commit e153982e45918bfb3454c193c87d1a784ee415cb 1515050132 -----sp;2018-01-04
SYNCOPE-1057;2;commit c8cef3d92dda92a3c8f81e1740928789d1641d89 1491390632 -----sp;2017-04-05
SYNCOPE-1066;1;commit aa36e2ab5f5e9a14cca5f851588de01c190ce2ff 1492504981 -----sp;2017-04-18
SYNCOPE-1168;1;commit 4214a38925ea07d6ab2a9d8bbf32fcd3fe0841d0 1500374181 -----sp;2017-07-18
SYNCOPE-1598;1;commit 501375b0f8b2d060e86539ef629d66bcf2e79aa3 1604574859 -----sp;2020-11-05
SYNCOPE-1537;3;commit 43b05dea91097162c95e99184bab4bb724c6bb7f 1582734840 -----sp;2020-02-26
SYNCOPE-1483;1;commit 344c511e9a9096b63b5976fbe56c71dc8969c1c1 1567499024 -----sp;2019-09-03
SYNCOPE-1244;2;commit 068e696967fdfb81ba1c025dd5fd8b2a01835960 1512558379 -----sp;2017-12-06
SYNCOPE-879;2;commit 835588b5fe34d65b7834884633ad13c19088f38e 1467278237 -----sp;2016-06-30
SYNCOPE-1602;1;commit 61a03446a8416e281ea23082e75852edb30b3d6a 1605716587 -----sp;2020-11-18
SYNCOPE-741;1;commit 930db341fc53b0c71ada1b9300979cbd8ac791e5 1449823342 -----sp;2015-12-11
SYNCOPE-1248;1;commit 87041307148d79b78a81ba0819f16bdc8a2401de 1513038088 -----sp;2017-12-12
SYNCOPE-702;2;commit 4a57705c3f182e40b4210874d97769939aa94e17 1444122236 -----sp;2015-10-06
SYNCOPE-1111;1;commit 3ff021421d2d4a24d39cafc3f227063e941ac1a2 1498810776 -----sp;2017-06-30
SYNCOPE-1178;1;commit 89fe8311579a2079c33a17cadbdb9be8e172972f 1501659126 -----sp;2017-08-02
SYNCOPE-363;2;commit 71550a66e999af49729687fd90e72b39c186ba0b 1366380015 -----sp;2013-04-19
SYNCOPE-892;1;commit 8cad5aad7629d36fbddb3730531392b76e57d7f4 1467791971 -----sp;2016-07-06
SYNCOPE-1520;2;commit 5c2b4de1ba2c52e53f545ed0aeb856642c4a2fff 1575300772 -----sp;2019-12-02
SYNCOPE-1573;1;commit 61dcfc8824092a0f1b07acb4ffe9998e7cf8ca09 1593514195 -----sp;2020-06-30
SYNCOPE-1440;1;commit 8b348db262d4e77285c88df9fe41a93dfabdeb35 1551696918 -----sp;2019-03-04
SYNCOPE-48;1;commit 787e8f01382c65fa151f1b1590591b83dc333c5d 1333457248 -----sp;2012-04-03
SYNCOPE-1643;1;commit 569fc1a3190f61105c81dcf773dcea4d07bbb544 1631881344 -----sp;2021-09-17
SYNCOPE-1626;1;commit 2646c26b173072ce746545d881be3cf2a9c46c9a 1617607967 -----sp;2021-04-05
SYNCOPE-872;2;commit 9cc78981f944546ee32e5968def5b0bb1e2f5241 1470398788 -----sp;2016-08-05
SYNCOPE-1331;1;commit 241fee756f19a0a02bb331b0755764e3af692b56 1530882911 -----sp;2018-07-06
SYNCOPE-314;1;commit 0ac6d26283df96e40312dcb61d5320679cb658bc 1360862572 -----sp;2013-02-14
SYNCOPE-908;1;commit c533ba9f882bb3fba6171c4a807582cbfc39d5ff 1470044341 -----sp;2016-08-01
SYNCOPE-1049;1;commit 2a7358f452a3a8d65353a4d04bf445caabf39a73 1490104120 -----sp;2017-03-21
SYNCOPE-849;1;commit fa5e27ff30cc98bd5194082ef080087193a92b19 1464365873 -----sp;2016-05-27
SYNCOPE-887;1;commit 2119e3923feabf84e2b1c939cae0d609b8cf4eac 1467356148 -----sp;2016-07-01
SYNCOPE-1230;1;commit 5e83b3787c374893ccbe5ab8dab30b450d2a2a42 1510754544 -----sp;2017-11-15
SYNCOPE-1554;1;commit 8ca124a5ab6b3e289eeed926066a365f33257648 1587633729 -----sp;2020-04-23
SYNCOPE-929;1;commit 7e66e3d5abd7709c04d1abde3af119159f3de961 1473080536 -----sp;2016-09-05
SYNCOPE-1007;1;commit deac686f90acd387486824d0402bebdf72defd00 1486139337 -----sp;2017-02-03
SYNCOPE-1071;1;commit cad371cec6676b68cc82bc0aa5c44e5bbeb8aeab 1493208809 -----sp;2017-04-26
SYNCOPE-1399;2;commit ec294925415c9fc58e81c74551d28176245e76e0 1542733750 -----sp;2018-11-20
SYNCOPE-551;2;commit 35219f85e88dc597ed1accca9d410c9f8a4de29e 1411482769 -----sp;2014-09-23
SYNCOPE-1601;1;commit 021fdb0f16c720a688479c90330f6f27c8a4bf2a 1605626013 -----sp;2020-11-17
SYNCOPE-1417;1;commit 6583c746d7418b992c0615d57f1228d37fece5ce 1544787379 -----sp;2018-12-14
SYNCOPE-898;2;commit 46e642eaf3a3375f2d51f422e0f91ded5cf74e19 1467976823 -----sp;2016-07-08
SYNCOPE-1040;1;commit 58fa8e7bf50eab0c156b5a3cbda3a0a93c2e9d7d 1488367481 -----sp;2017-03-01
SYNCOPE-1032;1;commit 2fbe7fb200aae36f5a1d1935ece0b3921018377b 1488208499 -----sp;2017-02-27
SYNCOPE-1216;1;commit 17a8eb5d99a84608a64927b00e7d9352d640517e 1506934476 -----sp;2017-10-02
SYNCOPE-1452;1;commit 202337abbaf23aaed17f4f06aff2c618a11117d7 1553607293 -----sp;2019-03-26
SYNCOPE-84;1;commit fab375d42e6503624fd412f29cf0b8a9a0ebb2ef 1337695574 -----sp;2012-05-22
SYNCOPE-386;2;commit 0e33853a83ee61548d055928e2f8b2e688eb0773 1370250117 -----sp;2013-06-03
SYNCOPE-1350;2;commit 8b8e9336baa5470a457c90e158b8ec9a1402525d 1533822965 -----sp;2018-08-09
SYNCOPE-1034;1;commit c6e10f92ffb37391c6509725838e8d61aaac7fab 1488895280 -----sp;2017-03-07
SYNCOPE-1432;1;commit d00eec5890038e9f766b8e9e03563cb57ff4779e 1551696517 -----sp;2019-03-04
SYNCOPE-297;1;commit e5daefcf7860440e81fba965d1e92671fb6b09d9 1359648467 -----sp;2013-01-31
SYNCOPE-1257;1;commit 92f4d703850002f9ead3c91d0f05dbf2f889c865 1514467140 -----sp;2017-12-28
SYNCOPE-338;1;commit dc893d8eee1231ae1832017e7eb3f963b6862138 1363705611 -----sp;2013-03-19
SYNCOPE-673;3;commit c608b58540b1f6089e466096522042fd244b5368 1432722038 -----sp;2015-05-27
SYNCOPE-1213;3;commit a23abdf3eae907839a64ce7f9f82d6296626f38a 1507013200 -----sp;2017-10-03
SYNCOPE-1596;1;commit 48f89ac65431634cb0176d432daa15fbda1f8997 1603716328 -----sp;2020-10-26
SYNCOPE-768;1;commit 915f3c325d3dde66f8c8a891b3b0a04a165f7e54 1455895946 -----sp;2016-02-19
SYNCOPE-1677;1;commit 2cfb1c0e654784eca947500ea7193db3d9de38f6 1652945474 -----sp;2022-05-19
SYNCOPE-1307;1;commit 761399c46b69b5e27e5ff0e47a7ed5ddb6489f3b 1524744786 -----sp;2018-04-26
SYNCOPE-1446;1;commit 480ea47befd1b651b373658960bd0beee9f6a9d7 1552391884 -----sp;2019-03-12
SYNCOPE-1090;1;commit 87ac9bccbb9fab9003f36c1301ac72fade05ab16 1495617383 -----sp;2017-05-24
SYNCOPE-394;3;commit b4254c8c2ae1051b8d1a295592cfc2b59404f480 1371047051 -----sp;2013-06-12
SYNCOPE-506;1;commit 7450a07e98f0ee3f197d277701c1d60e09b1dc73 1402652322 -----sp;2014-06-13
SYNCOPE-369;2;commit 4c4876ec440e826afbcb2f7c54b0b50d330b60c0 1368090404 -----sp;2013-05-09
SYNCOPE-68;1;commit 749d1774c7979e962ac3894ef94c37b41a6a4962 1337780017 -----sp;2012-05-23
SYNCOPE-716;1;commit 893d88901513100e3daf5d4d5b4b47a3f72f9aea 1445936955 -----sp;2015-10-27
SYNCOPE-308;1;commit cb073867742100bc01254f4aa8e190b0248b4df3 1360602090 -----sp;2013-02-11
SYNCOPE-927;1;commit 8150cf84b2f34eac46ba3c193c2c138259baec23 1472655115 -----sp;2016-08-31
SYNCOPE-1715;1;commit 0bc3ee08eca1217f546a2d00ab949e6840ec1071 1671183600 -----sp;2022-12-16
SYNCOPE-1008;1;commit 24a71aa96c452c60f64fb58efc76b5ba171cfec9 1489491434 -----sp;2017-03-14
SYNCOPE-847;1;commit 4c2269e519f61f3bae0bff346872b9a96180883a 1463409523 -----sp;2016-05-16
SYNCOPE-800;1;commit 5c4181fcbe77ca2e57654b415ef5777f66f32fcd 1459244744 -----sp;2016-03-29
SYNCOPE-1469;2;commit 4cf2d5c306e1a89350294821924365fe587be16c 1557211532 -----sp;2019-05-07
SYNCOPE-1114;1;commit 16096f6d8a84aa55e49f76d91c6e453f84d28fb8 1498108145 -----sp;2017-06-22
SYNCOPE-466;2;commit 2940e5fc1a1efaeac5b75bd232cae744de01b2f4 1388402763 -----sp;2013-12-30
SYNCOPE-1563;1;commit edae2ad4de71fe5570f46abc089af34ef824a8b3 1589545383 -----sp;2020-05-15
SYNCOPE-497;1;commit a01f0bae81494750cc3f9914abc58301d7effffe 1402055163 -----sp;2014-06-06
SYNCOPE-269;1;commit 4fefb4d544415014b4451ff2872eb745cb7909eb 1357920020 -----sp;2013-01-11
SYNCOPE-54;2;commit e04fb9c83775c2437612bd442849f57139cadc9f 1343651128 -----sp;2012-07-30
SYNCOPE-999;3;commit 319fff45d0197e5d139180c9ddde675ce7bd9882 1485249477 -----sp;2017-01-24
SYNCOPE-29;2;commit db5a12d124c58af82a1622c9ecd5e062ebc713b9 1333383458 -----sp;2012-04-02
SYNCOPE-267;2;commit 5d58e023a63a8e25d87225aa7547d24d733a2065 1357645687 -----sp;2013-01-08
SYNCOPE-1150;1;commit bd5c1af88ab99432577cfa826b2a3ea6dc655418 1499760231 -----sp;2017-07-11
SYNCOPE-1706;1;commit 396b01815ddb802eaabaa91082ccfaec72463a12 1667020457 -----sp;2022-10-29
SYNCOPE-944;2;commit fc7ddd9bcb271fee036129173028a42840af6125 1474271555 -----sp;2016-09-19
SYNCOPE-1101;1;commit 2748d00bb3150b4fffdd0a85e081b7d39e3b1978 1496310804 -----sp;2017-06-01
SYNCOPE-510;1;commit 050cf08297a71d6eb0105b94cd07551909ea6755 1403179865 -----sp;2014-06-19
SYNCOPE-1393;1;commit 92207203968241d23d5d81fdf43c4923abddbffc 1541426126 -----sp;2018-11-05
SYNCOPE-1079;1;commit c1cd3fe9ad12227d58de5adac666d569c9c29876 1494348540 -----sp;2017-05-09
SYNCOPE-1411;2;commit 0377b6b1c39fae4878ed2b77e19d290fe62797da 1544452817 -----sp;2018-12-10
SYNCOPE-638;2;commit 4dc90d7d06722ad5651293178a0eb8eb613be489 1424094219 -----sp;2015-02-16
SYNCOPE-1361;1;commit 12330a37dc7311cbfdc9dac47029ace56947e4f1 1536157058 -----sp;2018-09-05
SYNCOPE-385;2;commit e9b32c5564805a386e89eee8e97516f5753fd2b3 1370242987 -----sp;2013-06-03
SYNCOPE-1539;1;commit 342d0b583da7298298419d87cef60589ada2bc1c 1580808115 -----sp;2020-02-04
SYNCOPE-1003;1;commit d80e02334de47b7b1c9bb738f1f66b70d2826780 1485880156 -----sp;2017-01-31
SYNCOPE-1629;2;commit b94270d1e42937d3ca04a8fcb0182f3ca65fcb74 1618582457 -----sp;2021-04-16
SYNCOPE-260;3;commit 2ef8a0656d6b0b12a331aed8efe6a7a9acd75314 1357549436 -----sp;2013-01-07
SYNCOPE-373;2;commit 223db7ba16cd8413d1e6ab5a4ac5f06e30cb1307 1369727623 -----sp;2013-05-28
SYNCOPE-1334;1;commit 75c84ce15e480b1874925d6d9a90cb8668454cbf 1531237084 -----sp;2018-07-10
SYNCOPE-982;1;commit 18ac4512cbda7a1b58a185fc866887ff753d7932 1482229178 -----sp;2016-12-20
SYNCOPE-400;2;commit 2275dca97b42c7b7e3b0c8bd52934268c10650c5 1373541821 -----sp;2013-07-11
SYNCOPE-1269;1;commit ccca7072caaa538c28818195e6d744fc61ac1a6e 1519318223 -----sp;2018-02-22
SYNCOPE-798;1;commit edb0cb33d4ca6ac6b993dfc2f8ee536752f17e02 1462203201 -----sp;2016-05-02
SYNCOPE-1239;1;commit 6b0423630a9bec2f7c393a4a196a063bfd07aeb2 1511607059 -----sp;2017-11-25
SYNCOPE-1291;1;commit a8eff1cc21d4dd6768472dde169836793080f7a1 1522748998 -----sp;2018-04-03
SYNCOPE-322;1;commit 15202675bb8f5642b23cc02b647ab4f89382a1a8 1361547795 -----sp;2013-02-22
SYNCOPE-1026;1;commit 6d81b69ac52a5a7773f600e5168f32ffb0dde79c 1488214066 -----sp;2017-02-27
SYNCOPE-703;1;commit 4cd1c1ea653d3a3cc23f042825452dc7f735738e 1444211612 -----sp;2015-10-07
SYNCOPE-891;1;commit 5d95efacd81771a64c6d530f3403cb7b0f8d914d 1468246284 -----sp;2016-07-11
SYNCOPE-1076;1;commit 2f65c14fcd681d1e2e798e4563c6eaa07b5def9f 1494251642 -----sp;2017-05-08
SYNCOPE-1252;1;commit 9c381eb19761b7f768c1c7c06f529794c15e72ec 1513625163 -----sp;2017-12-18
SYNCOPE-1094;1;commit 5b2ce7178634958a889ae27eb2cef371c1f14d5d 1495637752 -----sp;2017-05-24
SYNCOPE-1370;1;commit 65cc0891cd052b6b74f25ccc80a2eb734a1b8450 1536766980 -----sp;2018-09-12
SYNCOPE-398;2;commit c8bdd8534794b955632fcf61bb46dbf9ee9bbcb0 1372686596 -----sp;2013-07-01
SYNCOPE-814;2;commit 6a432b9a48a07c3a698c3c7c63b7218d8a848606 1459266547 -----sp;2016-03-29
SYNCOPE-1565;1;commit ae9f6c8cfd6603d34860811833b6b043b3143f46 1591278491 -----sp;2020-06-04
SYNCOPE-343;1;commit 3272f8bd60a97678bd73f51111d8e033f34f3169 1363971941 -----sp;2013-03-22
SYNCOPE-419;2;commit 1cf3bb8914d365aa35cd253385ea51709538cb8e 1380638963 -----sp;2013-10-01
SYNCOPE-1363;1;commit 63371f7b9fe483dc60c3aaf29c9dde9eb15ecf74 1536132797 -----sp;2018-09-05
SYNCOPE-735;4;commit 757608a7c7577b157aa6f2593a4f1ef782cc2ffd 1455811799 -----sp;2016-02-18
SYNCOPE-307;2;commit 480bf39866537034c13eb7bc524a2baa1ba33898 1360851857 -----sp;2013-02-14
SYNCOPE-509;2;commit 4fd7a195fd35d91bd3a6e7de4d8c504bd0be16fd 1403181260 -----sp;2014-06-19
SYNCOPE-1224;2;commit fdc991aa67cb9d3093948d7bb87f6b70317aa825 1508145272 -----sp;2017-10-16
SYNCOPE-1538;6;commit 15838a962ac6814bf392ba86b50f73b2d426ae29 1581069536 -----sp;2020-02-07
SYNCOPE-706;1;commit a3e23c1f175dbdda338c4cf01d8acf6fc3c4f365 1444722792 -----sp;2015-10-13
SYNCOPE-1470;1;commit 3419d9eddfe0bf74e3a8b108f43242b6aa654e19 1557214154 -----sp;2019-05-07
SYNCOPE-1616;1;commit 95b56b8099933f1cf2f0145a33261d7cd10cc1ae 1612525198 -----sp;2021-02-05
SYNCOPE-1340;1;commit e6cd20ed36666743b878a87185f87fec79826ff8 1532102492 -----sp;2018-07-20
SYNCOPE-1493;1;commit 9d79fa626884c4e0c21f70ad0e4459965026abd9 1568116658 -----sp;2019-09-10
SYNCOPE-1210;1;commit f292d86ab845a7d0a50327a4eaf1179352ce2f95 1505905928 -----sp;2017-09-20
SYNCOPE-655;1;commit 35b974c77973c525172db37acd06b1c0fb5982d7 1427449935 -----sp;2015-03-27
SYNCOPE-946;4;commit ba07ea78a933b7c316511b1512b534730405a468 1475495778 -----sp;2016-10-03
SYNCOPE-1016;2;commit ffc490175cb789d6f6d78341f5078e8942bfca04 1487233843 -----sp;2017-02-16
SYNCOPE-31;1;commit 75f497793d3ac0d46af2c607a9fd7450169b7d5c 1331284070 -----sp;2012-03-09
SYNCOPE-196;1;commit 6bfba4254122878669ca1ec969152c00732769ab 1346755344 -----sp;2012-09-04
SYNCOPE-659;1;commit 945158788e094be5a0a6b2a25113465b54940999 1429167437 -----sp;2015-04-16
SYNCOPE-70;1;commit 98649493b44e9a94c14c6f7eebaa7f3c5c7aa11a 1335801716 -----sp;2012-04-30
SYNCOPE-605;1;commit 3fb39a46b7c33aacb2c42c9b79da07b025a718b9 1415805735 -----sp;2014-11-12
SYNCOPE-869;1;commit 3d7159e7b089d012e9b86c8499ae283859678c29 1466681290 -----sp;2016-06-23
SYNCOPE-49;2;commit 7b2b2cfbe871e6e89467466cb112b2271d506be3 1333113641 -----sp;2012-03-30
SYNCOPE-1492;1;commit c98d2d7861827d7d03f6cf7c8d0e93ef462f9eef 1568126092 -----sp;2019-09-10
SYNCOPE-1320;1;commit 17830e5aa09660be4949589d2c196670a4d57ff7 1527866526 -----sp;2018-06-01
SYNCOPE-1374;2;commit 7c94b93a6755f06ece72ac052f156ab7e1d1c46d 1537446101 -----sp;2018-09-20
SYNCOPE-733;1;commit 7b1cb89bba9b91df3a9153e9bceec5a53a2deec9 1448448210 -----sp;2015-11-25
SYNCOPE-1235;3;commit 9574ada8c2893ebe4ffd87e9e4832df1cd534f05 1519127673 -----sp;2018-02-20
SYNCOPE-1405;1;commit 569b1b322f0364bc865902d595846a613f393b7a 1543838469 -----sp;2018-12-03
SYNCOPE-423;7;commit 92373efd005c3906f57a2900b3612e3b1a8183f8 1384947454 -----sp;2013-11-20
SYNCOPE-1712;1;commit 30f9c1ef1a806711569c8dc82ae706f3ed3b0c45 1668684416 -----sp;2022-11-17
SYNCOPE-543;4;commit 4dee80310a37e111aa27b61f980881e3baf50eb7 1410177870 -----sp;2014-09-08
SYNCOPE-86;1;commit f5bea20150bbe32a60bd88d222a0f5d9b806909f 1337693913 -----sp;2012-05-22
SYNCOPE-435;2;commit 3ff71d74363f119a4378a152d5125348dc79060f 1384246531 -----sp;2013-11-12
SYNCOPE-457;1;commit 48798d615bba77ccbdd6f8857ad101ccf7cde9bd 1386144734 -----sp;2013-12-04
SYNCOPE-1211;1;commit d4e098a2916d37824174b026ee7ae9f3004ba833 1506054397 -----sp;2017-09-22
SYNCOPE-80;1;commit 811278f3e65a7c6a897a5c7e0aa9b7456a844c11 1336464782 -----sp;2012-05-08
SYNCOPE-672;2;commit 55d846eee3ded55ac9bcda2aec21b3bb4ce53fcd 1432567683 -----sp;2015-05-25
SYNCOPE-39;1;commit 304d2afba91fc7f82bc084a592c5c3b62cf89982 1332420073 -----sp;2012-03-22
SYNCOPE-629;2;commit 4efca7c3ec3973ab4b774a1f43e4403daf3354b7 1421819674 -----sp;2015-01-21
SYNCOPE-799;2;commit 5472a323db374e96d1949c5c5ea86431faee7af9 1462369773 -----sp;2016-05-04
SYNCOPE-572;1;commit 9329c54fd62180df3727a4f72bbddd41c9fa1b50 1414751571 -----sp;2014-10-31
SYNCOPE-965;1;commit 31699b0c3d81a7fff781be8ed2deb72f22e8125c 1478678652 -----sp;2016-11-09
SYNCOPE-1461;1;commit 5e7c289802420d6c248a63f2137fcfd656eae35c 1571835109 -----sp;2019-10-23
SYNCOPE-682;1;commit f5df7f5cb3f5dfde39c90cbb85fe0971345a8728 1436781469 -----sp;2015-07-13
SYNCOPE-758;1;commit 2b8a6481b3ea229d3c1ba4af88f6fc35fad9ca3e 1455290754 -----sp;2016-02-12
SYNCOPE-459;3;commit e917514b4d73425a8da26567d3746da42ca64921 1402915239 -----sp;2014-06-16
SYNCOPE-1004;1;commit 8df515ecf485aa342b5b3098a78e23ea8a2c18f3 1485880152 -----sp;2017-01-31
SYNCOPE-1564;1;commit d08d0a69e14cc890712745dc2d57c23fd3c91618 1589894439 -----sp;2020-05-19
SYNCOPE-465;4;commit 6afd2ce9bf994e4fdab2426d9e113aae478e0d4c 1388491135 -----sp;2013-12-31
SYNCOPE-1036;1;commit b2b8ee1998cb60d5fc31e2c11283fdbfaeb7cc73 1488546046 -----sp;2017-03-03
SYNCOPE-187;1;commit 945a21ed1a2e43f80ae49c5b72bc3f251536a9f2 1344953620 -----sp;2012-08-14
SYNCOPE-632;2;commit 64fa513e11e28f8f24ddacf803e6036edaf78895 1422550257 -----sp;2015-01-29
SYNCOPE-868;1;commit bee58eabedf163d145b41fd44528975235a54bbc 1465215755 -----sp;2016-06-06
SYNCOPE-1476;3;commit 4ae39ce664b27bdcc9df39490f37592f8c8069d1 1581518356 -----sp;2020-02-12
SYNCOPE-1603;1;commit a9386fcadee463d08037a6383d294b959a8c92f8 1605793656 -----sp;2020-11-19
